{
"type": "FeatureCollection",
"name": "ny_nj_ct_counties",
"crs": { "type": "name", "properties": { "name": "urn:ogc:def:crs:OGC:1.3:CRS84" } },
"features": [
{ "type": "Feature", "properties": { "fips": "36101", "county": "Steuben", "state": "NY" }, "geometry": { "type": "Polygon", "coordinates": [ [ [ -77.423093, 42.576637 ], [ -77.143795, 42.576869 ], [ -77.149595, 42.55387 ], [ -77.146895, 42.53207 ], [ -77.149502, 42.50007 ], [ -77.143946, 42.494705 ], [ -77.134777, 42.494807 ], [ -77.121793, 42.50087 ], [ -77.114793, 42.50827 ], [ -77.107593, 42.50577 ], [ -77.099657, 42.272356 ], [ -77.074784, 42.275476 ], [ -76.965028, 42.278495 ], [ -76.965728, 42.001276 ], [ -77.749931, 41.998782 ], [ -77.731058, 42.404122 ], [ -77.726111, 42.404043 ], [ -77.720617, 42.535066 ], [ -77.661315, 42.535067 ], [ -77.659917, 42.580409 ], [ -77.423093, 42.576637 ] ] ] } },
{ "type": "Feature", "properties": { "fips": "09007", "county": "Middlesex", "state": "CT" }, "geometry": { "type": "Polygon", "coordinates": [ [ [ -72.653672, 41.438125 ], [ -72.746141, 41.423297 ], [ -72.73912, 41.438294 ], [ -72.733886, 41.485368 ], [ -72.74333, 41.483114 ], [ -72.752941, 41.592497 ], [ -72.731671, 41.595779 ], [ -72.72994, 41.601498 ], [ -72.714538, 41.60431 ], [ -72.711134, 41.618036 ], [ -72.715799, 41.623725 ], [ -72.713897, 41.627705 ], [ -72.627836, 41.640199 ], [ -72.630524, 41.633282 ], [ -72.505431, 41.646999 ], [ -72.430767, 41.524567 ], [ -72.323394, 41.53425 ], [ -72.322605, 41.516084 ], [ -72.305531, 41.436282 ], [ -72.403029, 41.424774 ], [ -72.43371, 41.423995 ], [ -72.425479, 41.411656 ], [ -72.423514, 41.391888 ], [ -72.384833, 41.38519 ], [ -72.374925, 41.373923 ], [ -72.378771, 41.347998 ], [ -72.360841, 41.337744 ], [ -72.349121, 41.324492 ], [ -72.349548, 41.296302 ], [ -72.338867, 41.276084 ], [ -72.331558, 41.269522 ], [ -72.331453, 41.215004 ], [ -72.527901, 41.177774 ], [ -72.527902, 41.250115 ], [ -72.547235, 41.262499 ], [ -72.545986, 41.280335 ], [ -72.557236, 41.281992 ], [ -72.570702, 41.298004 ], [ -72.585599, 41.307348 ], [ -72.588574, 41.3117 ], [ -72.584903, 41.313955 ], [ -72.589608, 41.315497 ], [ -72.585149, 41.31895 ], [ -72.585943, 41.324014 ], [ -72.591498, 41.322657 ], [ -72.59667, 41.328446 ], [ -72.600784, 41.325814 ], [ -72.614269, 41.32962 ], [ -72.612634, 41.360485 ], [ -72.608132, 41.367404 ], [ -72.614006, 41.38078 ], [ -72.612328, 41.386179 ], [ -72.630284, 41.402677 ], [ -72.632033, 41.412138 ], [ -72.649397, 41.417547 ], [ -72.642257, 41.429236 ], [ -72.649504, 41.430924 ], [ -72.648363, 41.435148 ], [ -72.652661, 41.434695 ], [ -72.653672, 41.438125 ] ] ] } },
{ "type": "Feature", "properties": { "fips": "34037", "county": "Sussex", "state": "NJ" }, "geometry": { "type": "Polygon", "coordinates": [ [ [ -74.769425, 40.910934 ], [ -74.968469, 41.095862 ], [ -74.984782, 41.088545 ], [ -74.991815, 41.089132 ], [ -74.982212, 41.108245 ], [ -74.972917, 41.113327 ], [ -74.964294, 41.114237 ], [ -74.947912, 41.12356 ], [ -74.945819, 41.128489 ], [ -74.924146, 41.137495 ], [ -74.905256, 41.155668 ], [ -74.899701, 41.166181 ], [ -74.882139, 41.180836 ], [ -74.860398, 41.217454 ], [ -74.859323, 41.220507 ], [ -74.867405, 41.227769 ], [ -74.866181, 41.232133 ], [ -74.857152, 41.248975 ], [ -74.845883, 41.254945 ], [ -74.846557, 41.262374 ], [ -74.838361, 41.277294 ], [ -74.824287, 41.292114 ], [ -74.792558, 41.310628 ], [ -74.794141, 41.321187 ], [ -74.771588, 41.325079 ], [ -74.753931, 41.346135 ], [ -74.726888, 41.346247 ], [ -74.694708, 41.357365 ], [ -74.457862, 41.248427 ], [ -74.36751, 41.203241 ], [ -74.421734, 41.160898 ], [ -74.482372, 41.103638 ], [ -74.638993, 40.967267 ], [ -74.64134, 40.960835 ], [ -74.634913, 40.951144 ], [ -74.63524, 40.945004 ], [ -74.641581, 40.933647 ], [ -74.653905, 40.927798 ], [ -74.652584, 40.921916 ], [ -74.679497, 40.909156 ], [ -74.697912, 40.90708 ], [ -74.711383, 40.899169 ], [ -74.714257, 40.90128 ], [ -74.713224, 40.908273 ], [ -74.731928, 40.920852 ], [ -74.747734, 40.91996 ], [ -74.754633, 40.913947 ], [ -74.769425, 40.910934 ] ] ] } },
{ "type": "Feature", "properties": { "fips": "36091", "county": "Saratoga", "state": "NY" }, "geometry": { "type": "Polygon", "coordinates": [ [ [ -74.09298, 42.955868 ], [ -74.1601, 43.371532 ], [ -73.883299, 43.397988 ], [ -73.870977, 43.372523 ], [ -73.875139, 43.361921 ], [ -73.864754, 43.354178 ], [ -73.864038, 43.345496 ], [ -73.853286, 43.33775 ], [ -73.858647, 43.328115 ], [ -73.84319, 43.318852 ], [ -73.836918, 43.306611 ], [ -73.824615, 43.30427 ], [ -73.827503, 43.28457 ], [ -73.825152, 43.277545 ], [ -73.835567, 43.265835 ], [ -73.834917, 43.251004 ], [ -73.825864, 43.245583 ], [ -73.815369, 43.250989 ], [ -73.803298, 43.25032 ], [ -73.792889, 43.246243 ], [ -73.767498, 43.222123 ], [ -73.760219, 43.231858 ], [ -73.743957, 43.242717 ], [ -73.737574, 43.255226 ], [ -73.73997, 43.264709 ], [ -73.731683, 43.270339 ], [ -73.710977, 43.273834 ], [ -73.704584, 43.279357 ], [ -73.696251, 43.27848 ], [ -73.690162, 43.284072 ], [ -73.684962, 43.280872 ], [ -73.68076, 43.267371 ], [ -73.676462, 43.263472 ], [ -73.669561, 43.263871 ], [ -73.661061, 43.272872 ], [ -73.675162, 43.285072 ], [ -73.671273, 43.293154 ], [ -73.650661, 43.289572 ], [ -73.641861, 43.293273 ], [ -73.642761, 43.304172 ], [ -73.636798, 43.306936 ], [ -73.628149, 43.303863 ], [ -73.599708, 43.306776 ], [ -73.592193, 43.304 ], [ -73.588549, 43.299414 ], [ -73.600044, 43.279762 ], [ -73.600981, 43.269448 ], [ -73.592356, 43.267149 ], [ -73.58722, 43.259712 ], [ -73.587857, 43.253498 ], [ -73.597481, 43.24095 ], [ -73.594204, 43.233401 ], [ -73.585957, 43.227432 ], [ -73.579219, 43.20967 ], [ -73.585809, 43.192372 ], [ -73.581003, 43.18249 ], [ -73.589836, 43.170472 ], [ -73.583304, 43.165573 ], [ -73.580214, 43.152882 ], [ -73.591052, 43.137517 ], [ -73.585599, 43.123665 ], [ -73.57566, 43.115972 ], [ -73.573342, 43.100079 ], [ -73.57832, 43.089723 ], [ -73.575297, 43.082502 ], [ -73.581763, 43.070191 ], [ -73.577876, 43.056888 ], [ -73.586385, 43.048547 ], [ -73.593107, 43.015426 ], [ -73.606699, 42.999241 ], [ -73.608857, 42.982834 ], [ -73.631124, 42.97062 ], [ -73.628708, 42.959151 ], [ -73.632305, 42.944379 ], [ -73.63771, 42.940118 ], [ -73.650654, 42.938278 ], [ -73.659675, 42.933364 ], [ -73.683074, 42.903776 ], [ -73.684447, 42.891586 ], [ -73.673238, 42.875344 ], [ -73.675904, 42.858575 ], [ -73.658462, 42.809077 ], [ -73.662262, 42.801977 ], [ -73.672162, 42.796177 ], [ -73.676762, 42.783277 ], [ -73.681162, 42.782977 ], [ -73.688362, 42.775477 ], [ -73.697862, 42.778777 ], [ -73.708963, 42.787677 ], [ -73.711363, 42.795177 ], [ -73.719863, 42.801277 ], [ -73.716663, 42.808177 ], [ -73.726663, 42.822577 ], [ -73.737663, 42.818877 ], [ -73.750165, 42.801376 ], [ -73.766664, 42.786077 ], [ -73.779964, 42.792177 ], [ -73.799464, 42.778878 ], [ -73.822166, 42.780278 ], [ -73.83217, 42.793076 ], [ -73.841569, 42.797875 ], [ -73.866769, 42.828377 ], [ -73.875864, 42.834274 ], [ -73.881769, 42.850876 ], [ -73.895938, 42.851076 ], [ -73.904386, 42.911163 ], [ -73.918456, 42.910364 ], [ -73.955458, 42.897306 ], [ -73.964788, 42.90206 ], [ -73.976842, 42.915899 ], [ -74.006531, 42.934073 ], [ -74.055458, 42.953276 ], [ -74.09298, 42.955868 ] ] ] } },
{ "type": "Feature", "properties": { "fips": "36003", "county": "Allegany", "state": "NY" }, "geometry": { "type": "Polygon", "coordinates": [ [ [ -78.308128, 41.999415 ], [ -78.308839, 42.521217 ], [ -78.038261, 42.521522 ], [ -78.043418, 42.518464 ], [ -77.840694, 42.517771 ], [ -77.840231, 42.474576 ], [ -77.722964, 42.471216 ], [ -77.726111, 42.404043 ], [ -77.731058, 42.404122 ], [ -77.749931, 41.998782 ], [ -78.308128, 41.999415 ] ] ] } },
{ "type": "Feature", "properties": { "fips": "36075", "county": "Oswego", "state": "NY" }, "geometry": { "type": "Polygon", "coordinates": [ [ [ -76.605012, 43.25357 ], [ -76.644712, 43.703466 ], [ -76.140939, 43.676982 ], [ -76.022003, 43.668143 ], [ -76.025087, 43.707018 ], [ -75.774553, 43.688884 ], [ -75.756213, 43.470388 ], [ -75.814627, 43.483578 ], [ -75.886756, 43.325021 ], [ -75.862927, 43.319274 ], [ -75.884275, 43.155562 ], [ -75.925365, 43.161708 ], [ -75.932895, 43.176688 ], [ -75.952692, 43.171097 ], [ -75.958671, 43.175115 ], [ -75.959359, 43.180389 ], [ -75.97996, 43.177428 ], [ -75.992504, 43.185221 ], [ -76.003941, 43.176757 ], [ -76.002787, 43.179469 ], [ -76.011817, 43.18558 ], [ -76.032031, 43.190919 ], [ -76.047668, 43.202612 ], [ -76.052619, 43.202857 ], [ -76.055386, 43.199168 ], [ -76.078902, 43.19948 ], [ -76.082457, 43.20685 ], [ -76.076897, 43.208449 ], [ -76.085182, 43.213081 ], [ -76.068155, 43.212518 ], [ -76.069414, 43.214699 ], [ -76.078737, 43.215461 ], [ -76.079064, 43.218593 ], [ -76.080303, 43.215808 ], [ -76.084514, 43.216769 ], [ -76.099254, 43.224937 ], [ -76.10638, 43.224312 ], [ -76.115967, 43.233561 ], [ -76.130494, 43.234527 ], [ -76.139838, 43.240356 ], [ -76.148526, 43.239636 ], [ -76.169047, 43.246668 ], [ -76.202944, 43.271605 ], [ -76.2119, 43.267132 ], [ -76.208825, 43.263648 ], [ -76.212977, 43.256672 ], [ -76.210609, 43.244004 ], [ -76.213393, 43.24002 ], [ -76.205008, 43.237412 ], [ -76.202548, 43.222268 ], [ -76.194248, 43.217068 ], [ -76.198748, 43.212568 ], [ -76.206176, 43.216612 ], [ -76.210649, 43.210568 ], [ -76.208336, 43.208036 ], [ -76.224449, 43.204968 ], [ -76.233849, 43.212368 ], [ -76.24465, 43.214568 ], [ -76.258051, 43.237368 ], [ -76.263751, 43.236368 ], [ -76.274051, 43.240168 ], [ -76.262851, 43.225168 ], [ -76.262051, 43.218468 ], [ -76.271351, 43.203968 ], [ -76.281027, 43.201091 ], [ -76.289012, 43.2185 ], [ -76.307541, 43.230788 ], [ -76.316117, 43.229428 ], [ -76.324213, 43.232308 ], [ -76.344632, 43.23267 ], [ -76.479224, 43.227519 ], [ -76.481122, 43.256641 ], [ -76.605012, 43.25357 ] ] ] } },
{ "type": "Feature", "properties": { "fips": "36111", "county": "Ulster", "state": "NY" }, "geometry": { "type": "Polygon", "coordinates": [ [ [ -74.453685, 41.875595 ], [ -74.780693, 42.016375 ], [ -74.553598, 42.121484 ], [ -74.530985, 42.146475 ], [ -74.503984, 42.14492 ], [ -74.451713, 42.169225 ], [ -74.307571, 42.114346 ], [ -74.074797, 42.096589 ], [ -74.042393, 42.170386 ], [ -74.024878, 42.162134 ], [ -74.003589, 42.163365 ], [ -74.00245, 42.176992 ], [ -73.999933, 42.175664 ], [ -73.918356, 42.128916 ], [ -73.910675, 42.127293 ], [ -73.921465, 42.110025 ], [ -73.929114, 42.081658 ], [ -73.926298, 42.070618 ], [ -73.93273, 42.06081 ], [ -73.937291, 42.029787 ], [ -73.933435, 42.015659 ], [ -73.952829, 41.957067 ], [ -73.958045, 41.921148 ], [ -73.964413, 41.913148 ], [ -73.962221, 41.90102 ], [ -73.945101, 41.881452 ], [ -73.939293, 41.86686 ], [ -73.948941, 41.848636 ], [ -73.948333, 41.815741 ], [ -73.952446, 41.787965 ], [ -73.951614, 41.770621 ], [ -73.940829, 41.754317 ], [ -73.946682, 41.699396 ], [ -73.942482, 41.684093 ], [ -73.952582, 41.625193 ], [ -73.953307, 41.589977 ], [ -74.053685, 41.58061 ], [ -74.053804, 41.586065 ], [ -74.068083, 41.606001 ], [ -74.089896, 41.598602 ], [ -74.098653, 41.607259 ], [ -74.134511, 41.615695 ], [ -74.126393, 41.582544 ], [ -74.185361, 41.594128 ], [ -74.187505, 41.590793 ], [ -74.251601, 41.605374 ], [ -74.250186, 41.629324 ], [ -74.264093, 41.632738 ], [ -74.292303, 41.618295 ], [ -74.295744, 41.619655 ], [ -74.304347, 41.615704 ], [ -74.306029, 41.609037 ], [ -74.312046, 41.61127 ], [ -74.320161, 41.603006 ], [ -74.32995, 41.60137 ], [ -74.332033, 41.596739 ], [ -74.340869, 41.594389 ], [ -74.350397, 41.598615 ], [ -74.353523, 41.59173 ], [ -74.36829, 41.59138 ], [ -74.364334, 41.59395 ], [ -74.376009, 41.597972 ], [ -74.375937, 41.604574 ], [ -74.385954, 41.617911 ], [ -74.386842, 41.628559 ], [ -74.395071, 41.644876 ], [ -74.575086, 41.745258 ], [ -74.486924, 41.835264 ], [ -74.453685, 41.875595 ] ] ] } },
{ "type": "Feature", "properties": { "fips": "34007", "county": "Camden", "state": "NJ" }, "geometry": { "type": "Polygon", "coordinates": [ [ [ -75.128887, 39.907446 ], [ -75.136151, 39.932974 ], [ -75.135239, 39.950677 ], [ -75.130591, 39.958608 ], [ -75.10604, 39.971104 ], [ -75.075605, 39.978041 ], [ -75.059913, 39.991529 ], [ -75.049419, 39.991261 ], [ -75.047075, 39.994409 ], [ -75.036354, 39.996081 ], [ -75.032824, 39.99181 ], [ -75.027353, 39.993589 ], [ -75.018875, 39.989557 ], [ -75.013836, 39.980311 ], [ -75.010146, 39.979768 ], [ -75.017446, 39.97467 ], [ -75.016049, 39.970269 ], [ -75.020165, 39.968302 ], [ -75.017547, 39.959241 ], [ -75.013092, 39.956628 ], [ -75.015081, 39.946813 ], [ -74.994428, 39.939365 ], [ -74.975708, 39.939762 ], [ -74.981185, 39.93124 ], [ -74.98558, 39.93043 ], [ -74.983901, 39.926826 ], [ -74.97502, 39.921608 ], [ -74.962871, 39.920223 ], [ -74.955361, 39.912526 ], [ -74.949614, 39.898338 ], [ -74.930745, 39.885908 ], [ -74.902963, 39.791108 ], [ -74.894881, 39.783365 ], [ -74.876153, 39.781459 ], [ -74.843208, 39.789919 ], [ -74.819419, 39.788001 ], [ -74.806443, 39.783223 ], [ -74.790754, 39.771339 ], [ -74.772557, 39.750636 ], [ -74.736216, 39.729775 ], [ -74.87726, 39.608352 ], [ -74.892582, 39.618619 ], [ -74.892438, 39.625003 ], [ -74.902725, 39.631879 ], [ -74.910617, 39.652889 ], [ -74.908883, 39.665351 ], [ -74.930607, 39.690869 ], [ -74.959051, 39.703031 ], [ -74.971803, 39.702239 ], [ -74.987551, 39.706701 ], [ -74.993549, 39.710127 ], [ -74.994386, 39.71602 ], [ -74.999365, 39.719945 ], [ -75.024252, 39.730582 ], [ -75.020108, 39.736533 ], [ -75.021309, 39.745246 ], [ -75.044365, 39.762032 ], [ -75.049331, 39.778592 ], [ -75.054462, 39.782602 ], [ -75.063498, 39.785957 ], [ -75.072003, 39.779785 ], [ -75.069696, 39.776103 ], [ -75.074413, 39.773962 ], [ -75.077986, 39.780864 ], [ -75.08707, 39.779576 ], [ -75.081939, 39.79133 ], [ -75.076738, 39.790056 ], [ -75.070491, 39.793597 ], [ -75.076491, 39.798422 ], [ -75.074398, 39.804019 ], [ -75.080615, 39.805528 ], [ -75.085096, 39.813655 ], [ -75.088723, 39.814205 ], [ -75.088485, 39.820859 ], [ -75.082679, 39.827206 ], [ -75.086813, 39.831289 ], [ -75.083005, 39.832242 ], [ -75.087019, 39.838186 ], [ -75.083269, 39.84209 ], [ -75.089094, 39.844238 ], [ -75.094122, 39.851948 ], [ -75.104974, 39.856822 ], [ -75.104648, 39.862688 ], [ -75.113816, 39.85949 ], [ -75.112862, 39.863617 ], [ -75.117991, 39.867487 ], [ -75.118844, 39.862761 ], [ -75.124402, 39.871787 ], [ -75.120925, 39.873015 ], [ -75.132057, 39.87826 ], [ -75.127483, 39.88148 ], [ -75.139832, 39.888317 ], [ -75.128887, 39.907446 ] ] ] } },
{ "type": "Feature", "properties": { "fips": "36089", "county": "St. Lawrence", "state": "NY" }, "geometry": { "type": "Polygon", "coordinates": [ [ [ -74.972491, 44.983405 ], [ -74.907948, 44.983369 ], [ -74.900725, 44.992761 ], [ -74.887837, 45.000046 ], [ -74.86664, 45.000536 ], [ -74.862643, 45.004591 ], [ -74.856422, 45.004524 ], [ -74.834674, 45.014698 ], [ -74.826576, 45.015865 ], [ -74.817195, 45.011728 ], [ -74.801638, 45.014569 ], [ -74.793149, 45.004645 ], [ -74.763407, 45.005613 ], [ -74.760217, 44.994945 ], [ -74.74464, 44.990562 ], [ -74.731301, 44.990419 ], [ -74.726228, 44.994863 ], [ -74.720307, 44.953011 ], [ -74.641872, 44.952621 ], [ -74.608915, 44.713508 ], [ -74.525683, 44.170636 ], [ -74.544487, 44.169414 ], [ -74.535156, 44.09925 ], [ -75.062779, 44.0504 ], [ -75.315902, 44.159256 ], [ -75.704657, 44.331825 ], [ -75.860046, 44.403263 ], [ -75.820819, 44.432239 ], [ -75.807765, 44.471641 ], [ -75.766226, 44.515847 ], [ -75.662373, 44.591927 ], [ -75.618364, 44.619637 ], [ -75.505902, 44.705081 ], [ -75.477641, 44.720224 ], [ -75.423938, 44.756327 ], [ -75.413792, 44.772534 ], [ -75.397008, 44.773471 ], [ -75.387367, 44.780026 ], [ -75.369953, 44.782883 ], [ -75.369829, 44.788065 ], [ -75.344538, 44.809139 ], [ -75.333743, 44.806375 ], [ -75.301976, 44.826637 ], [ -75.307621, 44.83681 ], [ -75.283128, 44.849148 ], [ -75.255516, 44.857655 ], [ -75.241294, 44.866948 ], [ -75.228638, 44.867891 ], [ -75.218576, 44.877569 ], [ -75.203012, 44.877548 ], [ -75.165123, 44.893324 ], [ -75.139866, 44.896684 ], [ -75.134416, 44.915102 ], [ -75.117575, 44.921342 ], [ -75.105086, 44.919541 ], [ -75.096659, 44.927067 ], [ -75.064826, 44.929449 ], [ -75.059966, 44.93457 ], [ -75.027125, 44.946568 ], [ -75.005151, 44.958406 ], [ -74.992727, 44.977469 ], [ -74.972491, 44.983405 ] ] ] } },
{ "type": "Feature", "properties": { "fips": "36097", "county": "Schuyler", "state": "NY" }, "geometry": { "type": "Polygon", "coordinates": [ [ [ -76.733912, 42.29372 ], [ -76.842907, 42.293756 ], [ -76.964761, 42.28744 ], [ -76.965028, 42.278495 ], [ -77.074784, 42.275476 ], [ -77.099657, 42.272356 ], [ -77.107203, 42.483771 ], [ -76.989329, 42.484821 ], [ -76.987913, 42.463239 ], [ -76.964456, 42.46425 ], [ -76.963977, 42.459186 ], [ -76.889805, 42.463054 ], [ -76.900841, 42.493812 ], [ -76.895596, 42.541537 ], [ -76.696655, 42.54679 ], [ -76.685726, 42.375108 ], [ -76.690552, 42.373217 ], [ -76.691406, 42.284307 ], [ -76.619303, 42.282853 ], [ -76.619533, 42.248664 ], [ -76.642256, 42.233721 ], [ -76.648114, 42.238094 ], [ -76.685656, 42.237604 ], [ -76.685779, 42.248333 ], [ -76.732677, 42.248052 ], [ -76.733912, 42.29372 ] ] ] } },
{ "type": "Feature", "properties": { "fips": "36031", "county": "Essex", "state": "NY" }, "geometry": { "type": "Polygon", "coordinates": [ [ [ -73.614453, 44.454386 ], [ -73.602349, 44.458128 ], [ -73.596836, 44.463109 ], [ -73.590698, 44.461098 ], [ -73.571307, 44.465332 ], [ -73.561996, 44.471012 ], [ -73.55497, 44.482549 ], [ -73.526907, 44.488028 ], [ -73.524413, 44.493241 ], [ -73.516455, 44.488066 ], [ -73.500563, 44.488477 ], [ -73.496604, 44.486081 ], [ -73.490367, 44.49792 ], [ -73.479567, 44.506724 ], [ -73.470835, 44.507822 ], [ -73.471045, 44.514614 ], [ -73.45965, 44.520046 ], [ -73.463838, 44.537681 ], [ -73.338636, 44.546844 ], [ -73.329471, 44.529197 ], [ -73.322039, 44.525286 ], [ -73.320846, 44.51363 ], [ -73.306713, 44.500335 ], [ -73.299161, 44.47291 ], [ -73.300125, 44.454711 ], [ -73.293751, 44.438163 ], [ -73.31504, 44.388526 ], [ -73.333613, 44.3723 ], [ -73.33495, 44.36444 ], [ -73.324021, 44.333835 ], [ -73.324195, 44.310033 ], [ -73.31221, 44.280069 ], [ -73.312741, 44.265411 ], [ -73.323715, 44.24416 ], [ -73.330375, 44.244312 ], [ -73.343376, 44.23819 ], [ -73.342835, 44.234446 ], [ -73.350479, 44.229893 ], [ -73.362266, 44.208518 ], [ -73.390625, 44.191068 ], [ -73.389824, 44.181757 ], [ -73.397171, 44.173838 ], [ -73.395813, 44.166266 ], [ -73.403045, 44.144984 ], [ -73.416138, 44.132355 ], [ -73.411512, 44.111952 ], [ -73.429718, 44.078586 ], [ -73.437905, 44.045125 ], [ -73.410385, 44.026503 ], [ -73.406121, 44.016371 ], [ -73.41251, 43.982216 ], [ -73.405736, 43.955932 ], [ -73.408554, 43.931894 ], [ -73.396179, 43.903264 ], [ -73.374162, 43.876241 ], [ -73.382309, 43.856058 ], [ -73.372589, 43.845354 ], [ -73.388192, 43.832655 ], [ -73.392799, 43.822771 ], [ -73.379281, 43.808481 ], [ -74.057005, 43.744513 ], [ -74.054737, 43.768228 ], [ -74.046139, 43.781207 ], [ -74.051248, 43.788238 ], [ -74.047062, 43.796343 ], [ -74.069569, 43.801653 ], [ -74.085652, 43.808863 ], [ -74.09168, 43.804329 ], [ -74.118465, 43.809485 ], [ -74.133091, 43.817538 ], [ -74.138677, 43.817719 ], [ -74.139464, 43.826435 ], [ -74.149076, 43.829613 ], [ -74.201218, 43.821238 ], [ -74.213734, 43.810875 ], [ -74.336826, 43.925223 ], [ -74.255998, 43.969797 ], [ -74.28187, 44.120552 ], [ -74.09349, 44.137615 ], [ -74.141424, 44.407268 ], [ -73.748205, 44.442813 ], [ -73.700717, 44.445571 ], [ -73.700298, 44.440452 ], [ -73.695519, 44.44243 ], [ -73.674479, 44.440649 ], [ -73.659594, 44.443472 ], [ -73.654777, 44.44836 ], [ -73.629049, 44.458391 ], [ -73.614453, 44.454386 ] ] ] } },
{ "type": "Feature", "properties": { "fips": "36103", "county": "Suffolk", "state": "NY" }, "geometry": { "type": "Polygon", "coordinates": [ [ [ -72.999547, 41.087108 ], [ -72.081847, 41.262224 ], [ -72.019214, 41.290594 ], [ -71.929451, 41.310387 ], [ -71.907258, 41.304483 ], [ -71.790972, 41.184101 ], [ -71.790635, 41.101837 ], [ -71.781872, 41.096197 ], [ -71.777491, 41.067292 ], [ -71.794139, 41.036977 ], [ -71.837088, 41.010892 ], [ -71.870139, 40.996971 ], [ -71.931698, 40.982497 ], [ -72.374529, 40.818595 ], [ -72.624539, 40.745567 ], [ -72.749544, 40.713405 ], [ -72.828607, 40.686901 ], [ -72.874542, 40.675019 ], [ -73.014004, 40.625099 ], [ -73.124558, 40.598366 ], [ -73.249642, 40.562565 ], [ -73.274025, 40.551314 ], [ -73.291441, 40.551314 ], [ -73.326272, 40.556916 ], [ -73.42531, 40.534265 ], [ -73.423253, 40.67092 ], [ -73.455363, 40.842593 ], [ -73.464067, 40.859554 ], [ -73.46253, 40.867295 ], [ -73.467366, 40.868098 ], [ -73.476079, 40.877111 ], [ -73.477307, 40.89925 ], [ -73.487861, 40.915768 ], [ -73.497374, 40.923217 ], [ -73.493182, 40.941522 ], [ -73.484622, 40.946929 ], [ -73.464365, 40.937635 ], [ -73.437575, 40.93502 ], [ -73.429648, 40.928157 ], [ -73.431919, 40.989009 ], [ -73.249557, 41.025866 ], [ -72.999547, 41.087108 ] ] ] } },
{ "type": "Feature", "properties": { "fips": "34039", "county": "Union", "state": "NJ" }, "geometry": { "type": "Polygon", "coordinates": [ [ [ -74.428573, 40.699115 ], [ -74.41472, 40.706168 ], [ -74.412779, 40.710129 ], [ -74.4086, 40.710003 ], [ -74.402323, 40.717984 ], [ -74.390854, 40.718284 ], [ -74.390626, 40.725641 ], [ -74.384266, 40.724492 ], [ -74.377474, 40.730019 ], [ -74.379995, 40.733734 ], [ -74.371815, 40.734151 ], [ -74.369803, 40.739501 ], [ -74.35634, 40.73501 ], [ -74.325596, 40.717075 ], [ -74.316342, 40.719284 ], [ -74.303523, 40.713188 ], [ -74.292541, 40.720929 ], [ -74.285525, 40.722262 ], [ -74.255845, 40.713369 ], [ -74.221949, 40.707341 ], [ -74.213008, 40.700908 ], [ -74.209248, 40.690709 ], [ -74.201547, 40.686672 ], [ -74.16505, 40.690161 ], [ -74.135775, 40.675559 ], [ -74.161428, 40.644148 ], [ -74.185636, 40.645995 ], [ -74.202247, 40.630903 ], [ -74.203813, 40.605961 ], [ -74.199408, 40.600201 ], [ -74.203688, 40.592691 ], [ -74.21464, 40.604149 ], [ -74.219556, 40.600429 ], [ -74.230172, 40.598788 ], [ -74.235639, 40.602522 ], [ -74.242868, 40.599456 ], [ -74.257689, 40.602276 ], [ -74.259559, 40.597313 ], [ -74.29099, 40.591925 ], [ -74.305326, 40.600586 ], [ -74.302921, 40.608683 ], [ -74.458466, 40.594805 ], [ -74.463146, 40.599301 ], [ -74.451432, 40.60349 ], [ -74.445691, 40.609001 ], [ -74.438011, 40.609795 ], [ -74.42435, 40.619595 ], [ -74.402522, 40.656756 ], [ -74.401751, 40.66428 ], [ -74.40513, 40.667774 ], [ -74.419894, 40.65766 ], [ -74.429866, 40.664993 ], [ -74.450846, 40.654148 ], [ -74.461035, 40.673504 ], [ -74.454022, 40.674186 ], [ -74.451743, 40.685572 ], [ -74.430897, 40.693336 ], [ -74.428573, 40.699115 ] ] ] } },
{ "type": "Feature", "properties": { "fips": "36041", "county": "Hamilton", "state": "NY" }, "geometry": { "type": "Polygon", "coordinates": [ [ [ -74.775617, 43.486677 ], [ -74.854171, 44.070089 ], [ -74.28187, 44.120552 ], [ -74.255998, 43.969797 ], [ -74.336826, 43.925223 ], [ -74.213734, 43.810875 ], [ -74.201218, 43.821238 ], [ -74.149076, 43.829613 ], [ -74.139464, 43.826435 ], [ -74.138677, 43.817719 ], [ -74.133091, 43.817538 ], [ -74.118465, 43.809485 ], [ -74.09168, 43.804329 ], [ -74.085652, 43.808863 ], [ -74.046867, 43.795346 ], [ -74.051248, 43.788238 ], [ -74.046139, 43.781207 ], [ -74.054737, 43.768228 ], [ -74.057005, 43.744513 ], [ -74.214625, 43.728703 ], [ -74.140147, 43.253979 ], [ -74.224215, 43.248165 ], [ -74.220902, 43.221403 ], [ -74.287521, 43.216943 ], [ -74.322375, 43.214684 ], [ -74.326378, 43.241635 ], [ -74.534657, 43.228115 ], [ -74.867712, 43.339826 ], [ -74.775617, 43.486677 ] ] ] } },
{ "type": "Feature", "properties": { "fips": "36027", "county": "Dutchess", "state": "NY" }, "geometry": { "type": "Polygon", "coordinates": [ [ [ -73.940406, 41.872979 ], [ -73.962221, 41.90102 ], [ -73.964413, 41.913148 ], [ -73.958045, 41.921148 ], [ -73.952829, 41.957067 ], [ -73.933435, 42.015659 ], [ -73.937291, 42.029787 ], [ -73.93273, 42.06081 ], [ -73.926298, 42.070618 ], [ -73.929626, 42.078778 ], [ -73.917098, 42.076474 ], [ -73.915593, 42.080906 ], [ -73.903193, 42.078106 ], [ -73.71093, 42.005488 ], [ -73.527072, 41.97798 ], [ -73.521416, 42.049966 ], [ -73.487319, 42.049525 ], [ -73.530067, 41.527194 ], [ -73.579783, 41.526461 ], [ -73.692664, 41.512246 ], [ -73.933775, 41.488279 ], [ -73.981486, 41.438905 ], [ -73.997784, 41.452193 ], [ -74.000115, 41.458281 ], [ -73.994784, 41.498293 ], [ -73.997921, 41.50346 ], [ -73.996536, 41.522649 ], [ -73.987013, 41.544088 ], [ -73.961913, 41.568149 ], [ -73.953581, 41.586536 ], [ -73.952582, 41.625193 ], [ -73.942482, 41.684093 ], [ -73.946682, 41.699396 ], [ -73.940829, 41.754317 ], [ -73.951614, 41.770621 ], [ -73.952446, 41.787965 ], [ -73.948333, 41.815741 ], [ -73.948941, 41.848636 ], [ -73.940349, 41.862284 ], [ -73.940406, 41.872979 ] ] ] } },
{ "type": "Feature", "properties": { "fips": "36077", "county": "Otsego", "state": "NY" }, "geometry": { "type": "Polygon", "coordinates": [ [ [ -75.322983, 42.638556 ], [ -75.331175, 42.661569 ], [ -75.327683, 42.66364 ], [ -75.331193, 42.668081 ], [ -75.327497, 42.672427 ], [ -75.330353, 42.674481 ], [ -75.326975, 42.674519 ], [ -75.32765, 42.679665 ], [ -75.313386, 42.689549 ], [ -75.306919, 42.705628 ], [ -75.296513, 42.718653 ], [ -75.295889, 42.72822 ], [ -75.300333, 42.729091 ], [ -75.292825, 42.737751 ], [ -75.295762, 42.7443 ], [ -75.29088, 42.751496 ], [ -75.285063, 42.750775 ], [ -75.280172, 42.754314 ], [ -75.279721, 42.763959 ], [ -75.274002, 42.765342 ], [ -75.272611, 42.77302 ], [ -75.264106, 42.777781 ], [ -75.262827, 42.775585 ], [ -75.258707, 42.777051 ], [ -75.257609, 42.782727 ], [ -75.25099, 42.784941 ], [ -75.249914, 42.792061 ], [ -75.253254, 42.795574 ], [ -75.250277, 42.797205 ], [ -75.249133, 42.811718 ], [ -75.24204, 42.8176 ], [ -75.245896, 42.817147 ], [ -75.250303, 42.824379 ], [ -75.239541, 42.834282 ], [ -75.242031, 42.84318 ], [ -75.247819, 42.845082 ], [ -75.243893, 42.861621 ], [ -75.248278, 42.872154 ], [ -75.242745, 42.877869 ], [ -75.212158, 42.879973 ], [ -75.210642, 42.856549 ], [ -75.13987, 42.85976 ], [ -75.100999, 42.908363 ], [ -74.906738, 42.824943 ], [ -74.894671, 42.832051 ], [ -74.890873, 42.841356 ], [ -74.878822, 42.898274 ], [ -74.648298, 42.829558 ], [ -74.665383, 42.791873 ], [ -74.667512, 42.75071 ], [ -74.630631, 42.626674 ], [ -74.672018, 42.564836 ], [ -74.711504, 42.517003 ], [ -74.751597, 42.514513 ], [ -74.771084, 42.504398 ], [ -74.844121, 42.512591 ], [ -74.957926, 42.462756 ], [ -74.959246, 42.470385 ], [ -74.97494, 42.467488 ], [ -74.984132, 42.443854 ], [ -74.990899, 42.446555 ], [ -74.98932, 42.443303 ], [ -74.993044, 42.440086 ], [ -75.001265, 42.442769 ], [ -75.003234, 42.449 ], [ -75.015409, 42.450219 ], [ -75.017958, 42.454243 ], [ -75.019818, 42.429045 ], [ -75.059068, 42.43064 ], [ -75.093408, 42.420634 ], [ -75.126762, 42.398576 ], [ -75.122202, 42.39407 ], [ -75.143069, 42.381401 ], [ -75.147133, 42.385662 ], [ -75.197237, 42.358329 ], [ -75.19096, 42.379852 ], [ -75.194762, 42.37724 ], [ -75.209599, 42.376473 ], [ -75.21706, 42.367473 ], [ -75.236073, 42.364303 ], [ -75.247445, 42.367348 ], [ -75.255359, 42.36435 ], [ -75.261569, 42.366673 ], [ -75.272751, 42.357178 ], [ -75.269147, 42.35125 ], [ -75.278694, 42.347298 ], [ -75.281491, 42.342724 ], [ -75.292726, 42.339488 ], [ -75.307321, 42.321291 ], [ -75.323278, 42.321071 ], [ -75.341368, 42.314797 ], [ -75.353524, 42.319221 ], [ -75.371152, 42.315756 ], [ -75.37674, 42.32238 ], [ -75.382818, 42.315245 ], [ -75.390202, 42.319907 ], [ -75.398173, 42.315035 ], [ -75.408801, 42.316442 ], [ -75.416769, 42.313949 ], [ -75.414244, 42.320377 ], [ -75.407445, 42.319839 ], [ -75.410358, 42.325359 ], [ -75.39803, 42.336444 ], [ -75.402453, 42.348536 ], [ -75.394456, 42.353148 ], [ -75.392663, 42.358584 ], [ -75.399441, 42.360286 ], [ -75.403156, 42.365305 ], [ -75.402199, 42.374479 ], [ -75.406545, 42.381282 ], [ -75.394015, 42.399846 ], [ -75.38106, 42.403518 ], [ -75.374905, 42.410784 ], [ -75.374673, 42.416175 ], [ -75.379212, 42.416889 ], [ -75.376758, 42.424494 ], [ -75.385566, 42.432925 ], [ -75.386515, 42.445874 ], [ -75.394523, 42.459344 ], [ -75.399939, 42.462391 ], [ -75.400414, 42.474144 ], [ -75.404489, 42.479613 ], [ -75.39519, 42.486731 ], [ -75.39895, 42.498745 ], [ -75.395863, 42.506456 ], [ -75.403616, 42.509222 ], [ -75.401245, 42.511379 ], [ -75.389439, 42.510767 ], [ -75.384009, 42.520231 ], [ -75.386923, 42.523544 ], [ -75.378011, 42.535676 ], [ -75.372614, 42.536859 ], [ -75.364728, 42.554611 ], [ -75.361598, 42.552452 ], [ -75.356051, 42.556253 ], [ -75.354327, 42.554139 ], [ -75.348122, 42.560397 ], [ -75.339712, 42.560863 ], [ -75.335232, 42.566424 ], [ -75.329968, 42.56759 ], [ -75.332372, 42.573001 ], [ -75.326845, 42.577336 ], [ -75.330312, 42.580999 ], [ -75.32524, 42.588556 ], [ -75.336319, 42.594318 ], [ -75.338977, 42.608499 ], [ -75.337168, 42.613367 ], [ -75.322993, 42.623026 ], [ -75.330108, 42.631034 ], [ -75.323598, 42.634122 ], [ -75.322983, 42.638556 ] ] ] } },
{ "type": "Feature", "properties": { "fips": "36109", "county": "Tompkins", "state": "NY" }, "geometry": { "type": "Polygon", "coordinates": [ [ [ -76.585989, 42.54991 ], [ -76.612174, 42.562865 ], [ -76.626761, 42.573868 ], [ -76.656226, 42.604798 ], [ -76.666543, 42.623457 ], [ -76.614479, 42.625234 ], [ -76.614291, 42.622103 ], [ -76.458735, 42.627419 ], [ -76.458474, 42.618608 ], [ -76.265584, 42.623588 ], [ -76.253359, 42.407568 ], [ -76.293168, 42.406572 ], [ -76.299641, 42.384546 ], [ -76.295481, 42.38011 ], [ -76.280688, 42.38026 ], [ -76.265269, 42.375298 ], [ -76.242322, 42.363821 ], [ -76.239854, 42.35987 ], [ -76.237737, 42.351123 ], [ -76.245491, 42.341862 ], [ -76.246966, 42.329103 ], [ -76.251356, 42.324965 ], [ -76.250149, 42.296676 ], [ -76.288174, 42.296764 ], [ -76.28822, 42.308227 ], [ -76.350619, 42.308437 ], [ -76.350871, 42.318288 ], [ -76.415305, 42.318368 ], [ -76.416199, 42.262976 ], [ -76.474494, 42.263761 ], [ -76.473962, 42.281132 ], [ -76.691406, 42.284307 ], [ -76.690552, 42.373217 ], [ -76.685726, 42.375108 ], [ -76.696655, 42.54679 ], [ -76.585989, 42.54991 ] ] ] } },
{ "type": "Feature", "properties": { "fips": "36001", "county": "Albany", "state": "NY" }, "geometry": { "type": "Polygon", "coordinates": [ [ [ -74.180274, 42.729979 ], [ -73.809603, 42.775016 ], [ -73.809369, 42.778869 ], [ -73.797965, 42.779477 ], [ -73.782464, 42.791777 ], [ -73.766664, 42.786077 ], [ -73.750165, 42.801376 ], [ -73.737663, 42.818877 ], [ -73.726663, 42.822577 ], [ -73.716663, 42.808177 ], [ -73.719863, 42.801277 ], [ -73.711363, 42.795177 ], [ -73.703163, 42.782477 ], [ -73.689162, 42.775377 ], [ -73.681162, 42.782977 ], [ -73.676762, 42.783277 ], [ -73.688962, 42.738278 ], [ -73.697244, 42.728818 ], [ -73.703563, 42.709478 ], [ -73.702463, 42.699978 ], [ -73.729127, 42.665052 ], [ -73.741764, 42.654379 ], [ -73.761265, 42.610379 ], [ -73.752165, 42.56658 ], [ -73.761332, 42.525832 ], [ -73.785548, 42.487209 ], [ -73.783721, 42.464231 ], [ -73.93326, 42.444814 ], [ -74.263469, 42.407127 ], [ -74.264863, 42.419863 ], [ -74.244457, 42.470265 ], [ -74.226447, 42.499233 ], [ -74.225639, 42.526403 ], [ -74.241572, 42.550802 ], [ -74.233995, 42.575688 ], [ -74.220274, 42.585412 ], [ -74.215166, 42.597435 ], [ -74.193495, 42.618999 ], [ -74.192569, 42.627069 ], [ -74.169725, 42.667426 ], [ -74.164678, 42.717207 ], [ -74.180274, 42.729979 ] ] ] } },
{ "type": "Feature", "properties": { "fips": "09011", "county": "New London", "state": "CT" }, "geometry": { "type": "Polygon", "coordinates": [ [ [ -72.32451, 41.61857 ], [ -72.334226, 41.643598 ], [ -72.303643, 41.653982 ], [ -72.278669, 41.671975 ], [ -72.268418, 41.671137 ], [ -72.266141, 41.677273 ], [ -72.274307, 41.692607 ], [ -72.266499, 41.690673 ], [ -72.260728, 41.698645 ], [ -72.250167, 41.699329 ], [ -72.251249, 41.703324 ], [ -72.24402, 41.705734 ], [ -72.24783, 41.708355 ], [ -72.244013, 41.714414 ], [ -72.238161, 41.713483 ], [ -72.157546, 41.657627 ], [ -72.151747, 41.667516 ], [ -72.146717, 41.667169 ], [ -71.951936, 41.634328 ], [ -71.857917, 41.644227 ], [ -71.787658, 41.639918 ], [ -71.797745, 41.416727 ], [ -71.82033, 41.419382 ], [ -71.825384, 41.414687 ], [ -71.839697, 41.412222 ], [ -71.843591, 41.405331 ], [ -71.842209, 41.39538 ], [ -71.83313, 41.387839 ], [ -71.830637, 41.378772 ], [ -71.837873, 41.360145 ], [ -71.829384, 41.342413 ], [ -71.857458, 41.320789 ], [ -71.866538, 41.319185 ], [ -71.892067, 41.330075 ], [ -71.907258, 41.304483 ], [ -71.929451, 41.310387 ], [ -71.999486, 41.295794 ], [ -72.019214, 41.290594 ], [ -72.081775, 41.26224 ], [ -72.331453, 41.215004 ], [ -72.331558, 41.269522 ], [ -72.338867, 41.276084 ], [ -72.349548, 41.296302 ], [ -72.349121, 41.324492 ], [ -72.360841, 41.337744 ], [ -72.378771, 41.347998 ], [ -72.374925, 41.373923 ], [ -72.384833, 41.38519 ], [ -72.423514, 41.391888 ], [ -72.425479, 41.411656 ], [ -72.43371, 41.423995 ], [ -72.403029, 41.424774 ], [ -72.305531, 41.436282 ], [ -72.322605, 41.516084 ], [ -72.323394, 41.53425 ], [ -72.430767, 41.524567 ], [ -72.46673, 41.583899 ], [ -72.417229, 41.590598 ], [ -72.410367, 41.602581 ], [ -72.38415, 41.588652 ], [ -72.375211, 41.6014 ], [ -72.371095, 41.599473 ], [ -72.362491, 41.601185 ], [ -72.356208, 41.597551 ], [ -72.328095, 41.605471 ], [ -72.32451, 41.61857 ] ] ] } },
{ "type": "Feature", "properties": { "fips": "36011", "county": "Cayuga", "state": "NY" }, "geometry": { "type": "Polygon", "coordinates": [ [ [ -76.739361, 42.954473 ], [ -76.73674, 42.970286 ], [ -76.727623, 42.978144 ], [ -76.728814, 42.987764 ], [ -76.720654, 42.995426 ], [ -76.721657, 43.007859 ], [ -76.711202, 43.018042 ], [ -76.718614, 43.033116 ], [ -76.717789, 43.062634 ], [ -76.705885, 43.070784 ], [ -76.702324, 43.080159 ], [ -76.714664, 43.265767 ], [ -76.753538, 43.684275 ], [ -76.734725, 43.708121 ], [ -76.644712, 43.703466 ], [ -76.616155, 43.410896 ], [ -76.605012, 43.25357 ], [ -76.481122, 43.256641 ], [ -76.473066, 43.146017 ], [ -76.486303, 43.143223 ], [ -76.476125, 43.125066 ], [ -76.471774, 43.104983 ], [ -76.491232, 43.106295 ], [ -76.497829, 43.102657 ], [ -76.499324, 43.097723 ], [ -76.491941, 43.004964 ], [ -76.462999, 43.006316 ], [ -76.450738, 42.84576 ], [ -76.356974, 42.84945 ], [ -76.305762, 42.813338 ], [ -76.286198, 42.794443 ], [ -76.275348, 42.78047 ], [ -76.265584, 42.623588 ], [ -76.458474, 42.618608 ], [ -76.458735, 42.627419 ], [ -76.614291, 42.622103 ], [ -76.614479, 42.625234 ], [ -76.666543, 42.623457 ], [ -76.687899, 42.674784 ], [ -76.7234, 42.704122 ], [ -76.733454, 42.727895 ], [ -76.74006, 42.789419 ], [ -76.719514, 42.825446 ], [ -76.717185, 42.83883 ], [ -76.721246, 42.869579 ], [ -76.73746, 42.902106 ], [ -76.73918, 42.916835 ], [ -76.734285, 42.94481 ], [ -76.739361, 42.954473 ] ] ] } },
{ "type": "Feature", "properties": { "fips": "36039", "county": "Greene", "state": "NY" }, "geometry": { "type": "Polygon", "coordinates": [ [ [ -74.53731, 42.201424 ], [ -74.428196, 42.349075 ], [ -74.443506, 42.355017 ], [ -74.379051, 42.373873 ], [ -74.35717, 42.364656 ], [ -74.346087, 42.355691 ], [ -74.320965, 42.360661 ], [ -74.312582, 42.35709 ], [ -74.299468, 42.362575 ], [ -74.276645, 42.363349 ], [ -74.259186, 42.379117 ], [ -74.244692, 42.377159 ], [ -74.254303, 42.408207 ], [ -73.93326, 42.444814 ], [ -73.836757, 42.458592 ], [ -73.783721, 42.464231 ], [ -73.775632, 42.460939 ], [ -73.778539, 42.459225 ], [ -73.773974, 42.450556 ], [ -73.774657, 42.434335 ], [ -73.794327, 42.377185 ], [ -73.790519, 42.363227 ], [ -73.79326, 42.356186 ], [ -73.783284, 42.331692 ], [ -73.780551, 42.305688 ], [ -73.786832, 42.273007 ], [ -73.802996, 42.253655 ], [ -73.832603, 42.244058 ], [ -73.847813, 42.230347 ], [ -73.855255, 42.191415 ], [ -73.874761, 42.173916 ], [ -73.89155, 42.168541 ], [ -73.893842, 42.15692 ], [ -73.910675, 42.127293 ], [ -73.918356, 42.128916 ], [ -74.00245, 42.176992 ], [ -74.003589, 42.163365 ], [ -74.024878, 42.162134 ], [ -74.042393, 42.170386 ], [ -74.074797, 42.096589 ], [ -74.307571, 42.114346 ], [ -74.53731, 42.201424 ] ] ] } },
{ "type": "Feature", "properties": { "fips": "36043", "county": "Herkimer", "state": "NY" }, "geometry": { "type": "Polygon", "coordinates": [ [ [ -75.069165, 43.227333 ], [ -75.073787, 43.229505 ], [ -75.071492, 43.23448 ], [ -75.092171, 43.230649 ], [ -75.122684, 43.241048 ], [ -75.123923, 43.2465 ], [ -75.136398, 43.2487 ], [ -75.143185, 43.255174 ], [ -75.150974, 43.246903 ], [ -75.152785, 43.258328 ], [ -75.16035, 43.255805 ], [ -75.162564, 43.260091 ], [ -75.152098, 43.286786 ], [ -75.147854, 43.289963 ], [ -75.147995, 43.305159 ], [ -75.125044, 43.307162 ], [ -75.120295, 43.304165 ], [ -75.119206, 43.310508 ], [ -75.107557, 43.311654 ], [ -75.099839, 43.325175 ], [ -75.092922, 43.323147 ], [ -75.09175, 43.328613 ], [ -75.076581, 43.330705 ], [ -75.170159, 44.096959 ], [ -75.062779, 44.0504 ], [ -74.854171, 44.070089 ], [ -74.775617, 43.486677 ], [ -74.867712, 43.339826 ], [ -74.712615, 43.286143 ], [ -74.696003, 43.177862 ], [ -74.696333, 43.173515 ], [ -74.708235, 43.172533 ], [ -74.718012, 43.164735 ], [ -74.718255, 43.160245 ], [ -74.709808, 43.155959 ], [ -74.711518, 43.152789 ], [ -74.708088, 43.149671 ], [ -74.734997, 43.143436 ], [ -74.72825, 43.125307 ], [ -74.738328, 43.12436 ], [ -74.739729, 43.120191 ], [ -74.747677, 43.122 ], [ -74.758716, 43.119754 ], [ -74.758176, 43.114283 ], [ -74.770062, 43.11292 ], [ -74.765815, 43.090132 ], [ -74.773734, 43.083375 ], [ -74.774199, 43.078472 ], [ -74.770159, 43.074901 ], [ -74.769843, 43.065683 ], [ -74.761938, 43.05942 ], [ -74.759235, 43.042613 ], [ -74.7461, 43.03441 ], [ -74.740276, 43.017989 ], [ -74.743715, 42.99941 ], [ -74.74018, 42.997665 ], [ -74.763303, 42.863237 ], [ -74.878822, 42.898274 ], [ -74.890873, 42.841356 ], [ -74.894671, 42.832051 ], [ -74.906738, 42.824943 ], [ -75.100999, 42.908363 ], [ -75.13987, 42.85976 ], [ -75.210642, 42.856549 ], [ -75.212158, 42.879973 ], [ -75.201444, 42.880664 ], [ -75.219106, 43.052469 ], [ -75.195728, 43.077651 ], [ -75.182334, 43.075303 ], [ -75.1779, 43.082543 ], [ -75.184078, 43.083329 ], [ -75.181701, 43.087701 ], [ -75.18553, 43.088445 ], [ -75.069165, 43.227333 ] ] ] } },
{ "type": "Feature", "properties": { "fips": "34009", "county": "Cape May", "state": "NJ" }, "geometry": { "type": "Polygon", "coordinates": [ [ [ -74.621465, 39.292421 ], [ -74.588204, 39.310097 ], [ -74.565392, 39.298593 ], [ -74.545968, 39.302233 ], [ -74.539083, 39.298226 ], [ -74.46493, 39.29823 ], [ -74.508471, 39.260971 ], [ -74.523958, 39.24026 ], [ -74.565241, 39.210642 ], [ -74.583735, 39.18722 ], [ -74.595346, 39.177752 ], [ -74.603602, 39.162945 ], [ -74.624602, 39.14358 ], [ -74.644279, 39.114824 ], [ -74.639868, 39.094653 ], [ -74.646874, 39.076212 ], [ -74.661615, 39.061284 ], [ -74.682193, 39.049824 ], [ -74.715571, 39.009216 ], [ -74.733423, 38.967658 ], [ -74.749608, 38.954059 ], [ -74.773938, 38.942794 ], [ -74.800679, 38.920583 ], [ -74.809393, 38.906957 ], [ -74.824329, 38.896262 ], [ -74.840798, 38.890098 ], [ -74.872158, 38.887794 ], [ -74.907986, 38.879316 ], [ -75.015123, 38.788657 ], [ -75.168462, 39.056179 ], [ -74.912237, 39.17841 ], [ -74.915769, 39.184596 ], [ -74.913723, 39.188256 ], [ -74.922542, 39.188839 ], [ -74.918529, 39.195084 ], [ -74.926054, 39.196889 ], [ -74.925413, 39.2034 ], [ -74.922247, 39.204682 ], [ -74.926383, 39.209133 ], [ -74.923691, 39.21033 ], [ -74.925736, 39.218904 ], [ -74.921784, 39.224905 ], [ -74.896384, 39.235054 ], [ -74.882146, 39.30839 ], [ -74.873742, 39.312601 ], [ -74.864608, 39.324373 ], [ -74.861294, 39.323815 ], [ -74.860234, 39.319147 ], [ -74.837332, 39.31483 ], [ -74.824937, 39.305287 ], [ -74.820181, 39.307094 ], [ -74.807448, 39.304688 ], [ -74.80024, 39.308535 ], [ -74.792966, 39.304885 ], [ -74.790571, 39.307444 ], [ -74.784168, 39.3073 ], [ -74.77781, 39.303738 ], [ -74.7789, 39.298972 ], [ -74.772846, 39.301056 ], [ -74.763926, 39.296412 ], [ -74.754841, 39.299276 ], [ -74.75259, 39.295152 ], [ -74.746838, 39.294727 ], [ -74.737197, 39.298409 ], [ -74.727138, 39.296091 ], [ -74.719595, 39.298644 ], [ -74.716694, 39.292083 ], [ -74.710635, 39.295331 ], [ -74.707715, 39.290842 ], [ -74.703063, 39.294805 ], [ -74.699051, 39.289238 ], [ -74.680942, 39.293836 ], [ -74.676697, 39.297365 ], [ -74.673362, 39.2892 ], [ -74.668342, 39.297735 ], [ -74.658899, 39.297303 ], [ -74.658975, 39.290414 ], [ -74.654238, 39.288627 ], [ -74.641135, 39.295912 ], [ -74.621465, 39.292421 ] ] ] } },
{ "type": "Feature", "properties": { "fips": "36113", "county": "Warren", "state": "NY" }, "geometry": { "type": "Polygon", "coordinates": [ [ [ -74.1601, 43.371532 ], [ -74.214625, 43.728703 ], [ -73.437431, 43.802974 ], [ -73.457864, 43.783327 ], [ -73.470888, 43.77581 ], [ -73.471307, 43.771681 ], [ -73.460289, 43.768853 ], [ -73.45735, 43.76524 ], [ -73.457802, 43.761644 ], [ -73.466722, 43.758141 ], [ -73.463186, 43.757998 ], [ -73.460119, 43.747331 ], [ -73.459854, 43.737052 ], [ -73.46293, 43.738988 ], [ -73.464379, 43.733444 ], [ -73.459256, 43.729708 ], [ -73.464614, 43.730945 ], [ -73.463869, 43.725842 ], [ -73.467275, 43.725201 ], [ -73.466669, 43.721193 ], [ -73.470981, 43.720843 ], [ -73.470054, 43.716161 ], [ -73.474938, 43.710996 ], [ -73.471941, 43.706927 ], [ -73.482068, 43.696176 ], [ -73.486682, 43.679522 ], [ -73.492078, 43.672917 ], [ -73.496501, 43.673072 ], [ -73.496221, 43.67021 ], [ -73.492497, 43.669949 ], [ -73.493045, 43.662844 ], [ -73.496651, 43.661674 ], [ -73.493407, 43.655228 ], [ -73.49898, 43.650696 ], [ -73.502419, 43.65195 ], [ -73.502105, 43.64506 ], [ -73.503479, 43.647098 ], [ -73.504058, 43.64404 ], [ -73.512515, 43.643489 ], [ -73.51427, 43.637409 ], [ -73.527138, 43.635887 ], [ -73.539036, 43.625675 ], [ -73.55519, 43.604649 ], [ -73.565025, 43.59815 ], [ -73.566516, 43.590803 ], [ -73.575054, 43.582126 ], [ -73.581518, 43.580997 ], [ -73.581917, 43.578603 ], [ -73.577127, 43.579431 ], [ -73.580942, 43.573643 ], [ -73.592177, 43.568419 ], [ -73.603035, 43.568464 ], [ -73.607495, 43.56378 ], [ -73.613186, 43.563061 ], [ -73.611011, 43.560496 ], [ -73.614129, 43.556107 ], [ -73.606995, 43.551866 ], [ -73.617074, 43.537322 ], [ -73.618964, 43.520577 ], [ -73.623674, 43.519075 ], [ -73.626835, 43.5213 ], [ -73.625107, 43.519139 ], [ -73.628895, 43.518805 ], [ -73.63235, 43.511991 ], [ -73.632463, 43.501228 ], [ -73.636212, 43.50013 ], [ -73.63161, 43.497273 ], [ -73.636774, 43.496926 ], [ -73.628269, 43.484 ], [ -73.59496, 43.306118 ], [ -73.628149, 43.303863 ], [ -73.636798, 43.306936 ], [ -73.642761, 43.304172 ], [ -73.641861, 43.293273 ], [ -73.650661, 43.289572 ], [ -73.671273, 43.293154 ], [ -73.675162, 43.285072 ], [ -73.661061, 43.272872 ], [ -73.669561, 43.263871 ], [ -73.676462, 43.263472 ], [ -73.68076, 43.267371 ], [ -73.684962, 43.280872 ], [ -73.690162, 43.284072 ], [ -73.696251, 43.27848 ], [ -73.704584, 43.279357 ], [ -73.710977, 43.273834 ], [ -73.73469, 43.268897 ], [ -73.73997, 43.264709 ], [ -73.737574, 43.255226 ], [ -73.743957, 43.242717 ], [ -73.760219, 43.231858 ], [ -73.766432, 43.222236 ], [ -73.77269, 43.224731 ], [ -73.792889, 43.246243 ], [ -73.803298, 43.25032 ], [ -73.815369, 43.250989 ], [ -73.825864, 43.245583 ], [ -73.834917, 43.251004 ], [ -73.835567, 43.265835 ], [ -73.825152, 43.277545 ], [ -73.827503, 43.28457 ], [ -73.824615, 43.30427 ], [ -73.836918, 43.306611 ], [ -73.84319, 43.318852 ], [ -73.858647, 43.328115 ], [ -73.853286, 43.33775 ], [ -73.864038, 43.345496 ], [ -73.864754, 43.354178 ], [ -73.875139, 43.361921 ], [ -73.870977, 43.372523 ], [ -73.883299, 43.397988 ], [ -74.1601, 43.371532 ] ] ] } },
{ "type": "Feature", "properties": { "fips": "34005", "county": "Burlington", "state": "NJ" }, "geometry": { "type": "Polygon", "coordinates": [ [ [ -74.899153, 40.073205 ], [ -74.861756, 40.083462 ], [ -74.854609, 40.09327 ], [ -74.835868, 40.103466 ], [ -74.822531, 40.126844 ], [ -74.815476, 40.127694 ], [ -74.784842, 40.120388 ], [ -74.759721, 40.133804 ], [ -74.740555, 40.135492 ], [ -74.722048, 40.150311 ], [ -74.713873, 40.152653 ], [ -74.706748, 40.160997 ], [ -74.704213, 40.168731 ], [ -74.710106, 40.166724 ], [ -74.708423, 40.171846 ], [ -74.712812, 40.175189 ], [ -74.711072, 40.180709 ], [ -74.700682, 40.183628 ], [ -74.694852, 40.182388 ], [ -74.696169, 40.178929 ], [ -74.685536, 40.175283 ], [ -74.684724, 40.178046 ], [ -74.679112, 40.173501 ], [ -74.674436, 40.173598 ], [ -74.677425, 40.166069 ], [ -74.66233, 40.165212 ], [ -74.661395, 40.162114 ], [ -74.648691, 40.155649 ], [ -74.638484, 40.15434 ], [ -74.633667, 40.148976 ], [ -74.623517, 40.149101 ], [ -74.621795, 40.141123 ], [ -74.606957, 40.140695 ], [ -74.602112, 40.13678 ], [ -74.587835, 40.138254 ], [ -74.52869, 40.037449 ], [ -74.389708, 39.773283 ], [ -74.390399, 39.596037 ], [ -74.400819, 39.572242 ], [ -74.419041, 39.568367 ], [ -74.414097, 39.562396 ], [ -74.417393, 39.557255 ], [ -74.426563, 39.553157 ], [ -74.433469, 39.555628 ], [ -74.438368, 39.553519 ], [ -74.43354, 39.544571 ], [ -74.435223, 39.541506 ], [ -74.445734, 39.546352 ], [ -74.443495, 39.555434 ], [ -74.446257, 39.558922 ], [ -74.452615, 39.556915 ], [ -74.45609, 39.547269 ], [ -74.462997, 39.556444 ], [ -74.474045, 39.55122 ], [ -74.482937, 39.558536 ], [ -74.493052, 39.555627 ], [ -74.495475, 39.562027 ], [ -74.504495, 39.5692 ], [ -74.511706, 39.569543 ], [ -74.514793, 39.574002 ], [ -74.525622, 39.569355 ], [ -74.539701, 39.574988 ], [ -74.541981, 39.585816 ], [ -74.548652, 39.58979 ], [ -74.553902, 39.598406 ], [ -74.576655, 39.598596 ], [ -74.585795, 39.605541 ], [ -74.588485, 39.611663 ], [ -74.621028, 39.626691 ], [ -74.628775, 39.620093 ], [ -74.634152, 39.628073 ], [ -74.639484, 39.622427 ], [ -74.640488, 39.625654 ], [ -74.647881, 39.625007 ], [ -74.648891, 39.628993 ], [ -74.654801, 39.626846 ], [ -74.654585, 39.63008 ], [ -74.659371, 39.631578 ], [ -74.657847, 39.661332 ], [ -74.667851, 39.683606 ], [ -74.676183, 39.691644 ], [ -74.772557, 39.750636 ], [ -74.775173, 39.756645 ], [ -74.781181, 39.758563 ], [ -74.790754, 39.771339 ], [ -74.806856, 39.783463 ], [ -74.820249, 39.788198 ], [ -74.843208, 39.789919 ], [ -74.876153, 39.781459 ], [ -74.888318, 39.781757 ], [ -74.894822, 39.783312 ], [ -74.902963, 39.791108 ], [ -74.930745, 39.885908 ], [ -74.949614, 39.898338 ], [ -74.955361, 39.912526 ], [ -74.962871, 39.920223 ], [ -74.97502, 39.921608 ], [ -74.983901, 39.926826 ], [ -74.98558, 39.93043 ], [ -74.981185, 39.93124 ], [ -74.975708, 39.939762 ], [ -74.994428, 39.939365 ], [ -75.015081, 39.946813 ], [ -75.013092, 39.956628 ], [ -75.017547, 39.959241 ], [ -75.020165, 39.968302 ], [ -75.016049, 39.970269 ], [ -75.017446, 39.97467 ], [ -75.010146, 39.979768 ], [ -75.013836, 39.980311 ], [ -75.018875, 39.989557 ], [ -75.027353, 39.993589 ], [ -75.032824, 39.99181 ], [ -75.036354, 39.996081 ], [ -75.047075, 39.994409 ], [ -75.049419, 39.991261 ], [ -75.059913, 39.991529 ], [ -75.04709, 40.009941 ], [ -75.013237, 40.020303 ], [ -74.966891, 40.052716 ], [ -74.92982, 40.069793 ], [ -74.899153, 40.073205 ] ] ] } },
{ "type": "Feature", "properties": { "fips": "36045", "county": "Jefferson", "state": "NY" }, "geometry": { "type": "Polygon", "coordinates": [ [ [ -76.438287, 44.094172 ], [ -76.352679, 44.134743 ], [ -76.312639, 44.199045 ], [ -76.286546, 44.203767 ], [ -76.245487, 44.203664 ], [ -76.191324, 44.221239 ], [ -76.164258, 44.239603 ], [ -76.161825, 44.280776 ], [ -76.130884, 44.296635 ], [ -76.118136, 44.29485 ], [ -76.097351, 44.299541 ], [ -76.045224, 44.33172 ], [ -76.000998, 44.347534 ], [ -75.978276, 44.346873 ], [ -75.970178, 44.342828 ], [ -75.94954, 44.349129 ], [ -75.929465, 44.359603 ], [ -75.921719, 44.368886 ], [ -75.912985, 44.368084 ], [ -75.860046, 44.403263 ], [ -75.446124, 44.217655 ], [ -75.545886, 44.102978 ], [ -75.484528, 44.074172 ], [ -75.502741, 44.051253 ], [ -75.493342, 44.046835 ], [ -75.502014, 44.036274 ], [ -75.50183, 44.009556 ], [ -75.549993, 44.008163 ], [ -75.542898, 43.967795 ], [ -75.577181, 43.965276 ], [ -75.581403, 43.968487 ], [ -75.596651, 43.966607 ], [ -75.60367, 43.971363 ], [ -75.758157, 43.878785 ], [ -75.84056, 43.883976 ], [ -75.850534, 43.791886 ], [ -75.786759, 43.78832 ], [ -75.774553, 43.688884 ], [ -76.025087, 43.707018 ], [ -76.022003, 43.668143 ], [ -76.140939, 43.676982 ], [ -76.734725, 43.708121 ], [ -76.498927, 44.000059 ], [ -76.438287, 44.094172 ] ] ] } },
{ "type": "Feature", "properties": { "fips": "36019", "county": "Clinton", "state": "NY" }, "geometry": { "type": "Polygon", "coordinates": [ [ [ -73.986382, 44.707773 ], [ -74.006692, 44.836938 ], [ -74.007943, 44.895568 ], [ -74.027389, 44.995685 ], [ -73.874597, 45.001223 ], [ -73.639718, 45.003464 ], [ -73.343124, 45.01084 ], [ -73.354633, 44.987352 ], [ -73.350218, 44.976222 ], [ -73.338244, 44.964751 ], [ -73.338979, 44.917681 ], [ -73.356218, 44.904492 ], [ -73.369104, 44.866681 ], [ -73.379822, 44.857038 ], [ -73.38159, 44.849354 ], [ -73.379452, 44.83801 ], [ -73.335044, 44.804109 ], [ -73.333154, 44.788759 ], [ -73.335713, 44.782086 ], [ -73.347085, 44.77298 ], [ -73.354361, 44.755296 ], [ -73.365562, 44.741786 ], [ -73.365977, 44.697559 ], [ -73.361308, 44.694524 ], [ -73.370142, 44.684855 ], [ -73.367209, 44.678514 ], [ -73.371843, 44.676957 ], [ -73.372719, 44.668739 ], [ -73.369668, 44.663478 ], [ -73.374577, 44.66189 ], [ -73.384483, 44.646683 ], [ -73.37856, 44.641476 ], [ -73.386783, 44.63637 ], [ -73.390231, 44.618354 ], [ -73.382932, 44.612184 ], [ -73.376849, 44.599599 ], [ -73.381849, 44.589316 ], [ -73.37495, 44.575817 ], [ -73.356789, 44.557919 ], [ -73.342933, 44.551907 ], [ -73.338636, 44.546844 ], [ -73.463838, 44.537681 ], [ -73.45965, 44.520046 ], [ -73.471045, 44.514614 ], [ -73.470835, 44.507822 ], [ -73.479567, 44.506724 ], [ -73.490367, 44.49792 ], [ -73.496604, 44.486081 ], [ -73.500563, 44.488477 ], [ -73.516455, 44.488066 ], [ -73.524413, 44.493241 ], [ -73.526907, 44.488028 ], [ -73.55497, 44.482549 ], [ -73.561996, 44.471012 ], [ -73.573099, 44.464564 ], [ -73.590698, 44.461098 ], [ -73.596836, 44.463109 ], [ -73.613894, 44.454442 ], [ -73.629049, 44.458391 ], [ -73.669281, 44.441355 ], [ -73.695519, 44.44243 ], [ -73.700298, 44.440452 ], [ -73.700717, 44.445571 ], [ -73.909687, 44.429699 ], [ -73.932927, 44.576197 ], [ -73.9459, 44.574869 ], [ -73.966148, 44.709118 ], [ -73.986382, 44.707773 ] ] ] } },
{ "type": "Feature", "properties": { "fips": "36059", "county": "Nassau", "state": "NY" }, "geometry": { "type": "Polygon", "coordinates": [ [ [ -73.748004, 40.871874 ], [ -73.612885, 40.950943 ], [ -73.431919, 40.989009 ], [ -73.429648, 40.928157 ], [ -73.437575, 40.93502 ], [ -73.464365, 40.937635 ], [ -73.484622, 40.946929 ], [ -73.493693, 40.940698 ], [ -73.497405, 40.923766 ], [ -73.487861, 40.915768 ], [ -73.477307, 40.89925 ], [ -73.476079, 40.877111 ], [ -73.462259, 40.86671 ], [ -73.464067, 40.859554 ], [ -73.455363, 40.842593 ], [ -73.431667, 40.717199 ], [ -73.423253, 40.67092 ], [ -73.42531, 40.534265 ], [ -73.486496, 40.520505 ], [ -73.624574, 40.534511 ], [ -73.768781, 40.533747 ], [ -73.758256, 40.555364 ], [ -73.755502, 40.585387 ], [ -73.744469, 40.592904 ], [ -73.737185, 40.592965 ], [ -73.738151, 40.60271 ], [ -73.745761, 40.611992 ], [ -73.760021, 40.611349 ], [ -73.766719, 40.615004 ], [ -73.768784, 40.624289 ], [ -73.743295, 40.638048 ], [ -73.73996, 40.635144 ], [ -73.741437, 40.646889 ], [ -73.725052, 40.652341 ], [ -73.728331, 40.663044 ], [ -73.726896, 40.709976 ], [ -73.730326, 40.722157 ], [ -73.707647, 40.727796 ], [ -73.700009, 40.739323 ], [ -73.701633, 40.752493 ], [ -73.750295, 40.782478 ], [ -73.763712, 40.793803 ], [ -73.778958, 40.811713 ], [ -73.780193, 40.8264 ], [ -73.757801, 40.845679 ], [ -73.748004, 40.871874 ] ] ] } },
{ "type": "Feature", "properties": { "fips": "34023", "county": "Middlesex", "state": "NJ" }, "geometry": { "type": "Polygon", "coordinates": [ [ [ -74.466947, 40.508898 ], [ -74.481902, 40.512001 ], [ -74.495188, 40.529065 ], [ -74.513415, 40.54122 ], [ -74.518435, 40.553743 ], [ -74.526685, 40.559474 ], [ -74.525861, 40.568444 ], [ -74.516228, 40.581278 ], [ -74.505256, 40.586255 ], [ -74.502349, 40.584006 ], [ -74.499538, 40.586904 ], [ -74.485777, 40.588222 ], [ -74.46984, 40.598436 ], [ -74.463291, 40.599187 ], [ -74.458466, 40.594805 ], [ -74.302921, 40.608683 ], [ -74.305326, 40.600586 ], [ -74.29099, 40.591925 ], [ -74.259559, 40.597313 ], [ -74.257689, 40.602276 ], [ -74.242868, 40.599456 ], [ -74.235639, 40.602522 ], [ -74.230172, 40.598788 ], [ -74.219556, 40.600429 ], [ -74.21464, 40.604149 ], [ -74.203688, 40.592691 ], [ -74.215278, 40.560241 ], [ -74.218398, 40.556996 ], [ -74.231693, 40.558457 ], [ -74.247415, 40.5492 ], [ -74.250609, 40.541851 ], [ -74.246069, 40.520952 ], [ -74.25481, 40.515344 ], [ -74.25909, 40.497207 ], [ -74.253313, 40.487386 ], [ -74.228153, 40.477399 ], [ -74.222709, 40.451305 ], [ -74.226431, 40.444666 ], [ -74.236407, 40.443445 ], [ -74.247797, 40.431197 ], [ -74.247894, 40.406605 ], [ -74.377545, 40.305432 ], [ -74.394231, 40.28839 ], [ -74.393468, 40.279524 ], [ -74.461017, 40.251122 ], [ -74.484962, 40.253325 ], [ -74.481991, 40.273914 ], [ -74.497825, 40.280677 ], [ -74.506721, 40.28036 ], [ -74.514904, 40.287157 ], [ -74.522873, 40.285608 ], [ -74.521575, 40.290034 ], [ -74.528142, 40.2943 ], [ -74.539918, 40.28833 ], [ -74.544592, 40.292414 ], [ -74.556698, 40.291656 ], [ -74.558968, 40.295866 ], [ -74.580284, 40.304137 ], [ -74.585587, 40.313242 ], [ -74.600222, 40.315444 ], [ -74.603417, 40.321438 ], [ -74.622179, 40.324502 ], [ -74.623179, 40.334302 ], [ -74.631036, 40.340277 ], [ -74.62024, 40.373749 ], [ -74.602472, 40.38077 ], [ -74.587865, 40.394136 ], [ -74.585483, 40.417699 ], [ -74.53619, 40.438326 ], [ -74.482344, 40.481751 ], [ -74.459863, 40.491046 ], [ -74.459179, 40.496619 ], [ -74.466995, 40.502929 ], [ -74.466947, 40.508898 ] ] ] } },
{ "type": "Feature", "properties": { "fips": "36053", "county": "Madison", "state": "NY" }, "geometry": { "type": "Polygon", "coordinates": [ [ [ -75.889832, 42.723844 ], [ -75.917219, 43.085926 ], [ -75.919894, 43.089876 ], [ -75.926757, 43.090565 ], [ -75.928666, 43.087214 ], [ -75.931135, 43.090221 ], [ -75.939488, 43.086663 ], [ -75.947087, 43.08895 ], [ -75.948699, 43.086817 ], [ -75.950431, 43.089629 ], [ -75.95126, 43.087315 ], [ -75.954115, 43.088823 ], [ -75.961825, 43.085505 ], [ -75.960814, 43.089011 ], [ -75.963973, 43.086697 ], [ -75.967382, 43.08992 ], [ -75.96753, 43.087625 ], [ -75.971584, 43.088903 ], [ -75.971121, 43.092468 ], [ -75.975404, 43.090921 ], [ -75.976396, 43.103038 ], [ -75.971524, 43.104914 ], [ -75.965463, 43.119651 ], [ -75.960135, 43.115395 ], [ -75.9544, 43.116857 ], [ -75.960567, 43.12327 ], [ -75.950057, 43.134853 ], [ -75.955015, 43.133927 ], [ -75.95758, 43.13629 ], [ -75.957405, 43.133672 ], [ -75.963814, 43.133632 ], [ -75.972191, 43.140469 ], [ -75.977284, 43.136195 ], [ -75.977267, 43.14047 ], [ -75.971783, 43.143847 ], [ -75.971235, 43.154639 ], [ -75.977068, 43.157646 ], [ -75.97438, 43.163175 ], [ -75.981008, 43.167704 ], [ -75.98151, 43.172779 ], [ -75.990028, 43.171527 ], [ -75.992635, 43.173849 ], [ -75.989609, 43.179225 ], [ -75.992622, 43.185209 ], [ -75.97996, 43.177428 ], [ -75.959359, 43.180389 ], [ -75.958671, 43.175115 ], [ -75.952692, 43.171097 ], [ -75.932895, 43.176688 ], [ -75.925365, 43.161708 ], [ -75.886155, 43.156107 ], [ -75.874588, 43.152823 ], [ -75.867769, 43.146643 ], [ -75.857426, 43.149665 ], [ -75.853277, 43.156379 ], [ -75.839993, 43.160513 ], [ -75.793416, 43.160047 ], [ -75.78641, 43.166762 ], [ -75.778513, 43.168052 ], [ -75.776282, 43.173352 ], [ -75.749922, 43.157941 ], [ -75.738396, 43.164766 ], [ -75.731389, 43.160621 ], [ -75.727166, 43.162068 ], [ -75.725472, 43.157126 ], [ -75.72439, 43.162725 ], [ -75.72016, 43.161213 ], [ -75.722595, 43.155835 ], [ -75.717498, 43.151983 ], [ -75.714434, 43.152891 ], [ -75.716061, 43.15059 ], [ -75.706579, 43.151103 ], [ -75.706771, 43.137026 ], [ -75.694603, 43.139627 ], [ -75.693621, 43.133475 ], [ -75.687382, 43.13373 ], [ -75.686548, 43.129444 ], [ -75.678279, 43.127472 ], [ -75.685329, 43.124825 ], [ -75.680476, 43.123482 ], [ -75.681249, 43.121022 ], [ -75.672699, 43.121742 ], [ -75.673783, 43.118253 ], [ -75.669701, 43.115183 ], [ -75.653103, 43.114111 ], [ -75.655782, 43.10962 ], [ -75.651178, 43.105435 ], [ -75.64657, 43.106288 ], [ -75.645969, 43.100972 ], [ -75.639343, 43.097247 ], [ -75.641822, 43.090311 ], [ -75.638778, 43.081966 ], [ -75.64174, 43.08179 ], [ -75.636329, 43.075009 ], [ -75.631067, 43.076851 ], [ -75.622268, 43.073887 ], [ -75.616032, 43.066269 ], [ -75.60438, 43.064937 ], [ -75.599496, 43.0614 ], [ -75.607969, 43.053108 ], [ -75.598254, 43.043766 ], [ -75.596879, 43.035399 ], [ -75.552774, 43.037554 ], [ -75.542803, 42.931774 ], [ -75.444173, 42.933089 ], [ -75.437167, 42.863319 ], [ -75.247963, 42.871604 ], [ -75.243893, 42.861621 ], [ -75.247813, 42.845016 ], [ -75.242031, 42.84318 ], [ -75.239541, 42.834282 ], [ -75.250303, 42.824379 ], [ -75.245896, 42.817147 ], [ -75.24204, 42.8176 ], [ -75.249133, 42.811718 ], [ -75.250277, 42.797205 ], [ -75.253254, 42.795574 ], [ -75.249914, 42.792061 ], [ -75.251029, 42.784866 ], [ -75.257609, 42.782727 ], [ -75.258707, 42.777051 ], [ -75.262827, 42.775585 ], [ -75.264106, 42.777781 ], [ -75.27284, 42.772812 ], [ -75.274002, 42.765342 ], [ -75.279721, 42.763959 ], [ -75.280172, 42.754314 ], [ -75.285063, 42.750775 ], [ -75.29088, 42.751496 ], [ -75.295877, 42.744106 ], [ -75.427988, 42.738111 ], [ -75.428668, 42.745421 ], [ -75.889832, 42.723844 ] ] ] } },
{ "type": "Feature", "properties": { "fips": "36115", "county": "Washington", "state": "NY" }, "geometry": { "type": "Polygon", "coordinates": [ [ [ -73.483915, 43.690619 ], [ -73.471975, 43.70685 ], [ -73.474938, 43.710996 ], [ -73.470054, 43.716161 ], [ -73.470981, 43.720843 ], [ -73.466669, 43.721193 ], [ -73.467275, 43.725201 ], [ -73.463869, 43.725842 ], [ -73.464614, 43.730945 ], [ -73.459256, 43.729708 ], [ -73.464379, 43.733444 ], [ -73.46293, 43.738988 ], [ -73.459854, 43.737052 ], [ -73.460119, 43.747331 ], [ -73.463186, 43.757998 ], [ -73.466722, 43.758141 ], [ -73.457802, 43.761644 ], [ -73.45735, 43.76524 ], [ -73.460289, 43.768853 ], [ -73.471307, 43.771681 ], [ -73.469801, 43.777437 ], [ -73.457864, 43.783327 ], [ -73.437007, 43.80058 ], [ -73.43812, 43.803687 ], [ -73.379281, 43.808481 ], [ -73.376793, 43.799158 ], [ -73.358154, 43.786475 ], [ -73.350762, 43.771387 ], [ -73.369944, 43.743855 ], [ -73.370612, 43.725329 ], [ -73.404739, 43.690214 ], [ -73.404127, 43.68134 ], [ -73.415513, 43.652451 ], [ -73.426463, 43.642599 ], [ -73.428419, 43.635453 ], [ -73.417669, 43.621687 ], [ -73.423709, 43.612357 ], [ -73.421616, 43.603023 ], [ -73.430948, 43.587036 ], [ -73.395768, 43.568087 ], [ -73.383285, 43.5772 ], [ -73.385251, 43.583263 ], [ -73.382465, 43.586578 ], [ -73.386901, 43.59077 ], [ -73.382138, 43.591824 ], [ -73.38349, 43.597366 ], [ -73.37737, 43.598398 ], [ -73.372469, 43.604848 ], [ -73.376386, 43.608824 ], [ -73.36984, 43.619392 ], [ -73.37189, 43.62449 ], [ -73.35427, 43.62619 ], [ -73.348753, 43.621458 ], [ -73.34451, 43.626277 ], [ -73.340068, 43.624647 ], [ -73.334187, 43.627994 ], [ -73.327702, 43.625914 ], [ -73.31785, 43.628499 ], [ -73.311173, 43.624092 ], [ -73.30644, 43.628333 ], [ -73.300378, 43.617803 ], [ -73.302772, 43.609777 ], [ -73.29802, 43.610028 ], [ -73.291019, 43.599235 ], [ -73.296944, 43.587314 ], [ -73.292109, 43.584544 ], [ -73.297324, 43.579373 ], [ -73.295292, 43.576782 ], [ -73.284912, 43.579272 ], [ -73.280858, 43.573578 ], [ -73.267932, 43.57225 ], [ -73.268988, 43.569929 ], [ -73.258631, 43.56495 ], [ -73.25449, 43.555596 ], [ -73.248641, 43.553858 ], [ -73.250133, 43.543429 ], [ -73.241579, 43.53496 ], [ -73.247698, 43.523174 ], [ -73.256475, 43.260093 ], [ -73.274294, 42.943652 ], [ -73.380235, 42.943739 ], [ -73.379661, 42.947795 ], [ -73.388899, 42.948237 ], [ -73.393472, 42.95309 ], [ -73.403225, 42.951242 ], [ -73.408213, 42.956932 ], [ -73.421228, 42.954934 ], [ -73.430623, 42.95865 ], [ -73.449269, 42.951217 ], [ -73.450593, 42.944581 ], [ -73.635463, 42.94129 ], [ -73.62932, 42.951503 ], [ -73.631124, 42.97062 ], [ -73.609282, 42.982241 ], [ -73.606699, 42.999241 ], [ -73.593107, 43.015426 ], [ -73.586385, 43.048547 ], [ -73.577876, 43.056888 ], [ -73.581763, 43.070191 ], [ -73.575565, 43.081312 ], [ -73.578228, 43.090632 ], [ -73.573342, 43.100545 ], [ -73.576388, 43.11792 ], [ -73.585599, 43.123665 ], [ -73.590938, 43.13511 ], [ -73.580214, 43.152882 ], [ -73.583304, 43.165573 ], [ -73.589836, 43.170472 ], [ -73.581003, 43.18249 ], [ -73.585809, 43.192372 ], [ -73.579219, 43.20967 ], [ -73.585957, 43.227432 ], [ -73.594204, 43.233401 ], [ -73.597481, 43.24095 ], [ -73.587857, 43.253498 ], [ -73.58722, 43.259712 ], [ -73.592356, 43.267149 ], [ -73.600981, 43.26985 ], [ -73.600044, 43.279762 ], [ -73.588549, 43.299414 ], [ -73.59496, 43.306118 ], [ -73.628269, 43.484 ], [ -73.636774, 43.496926 ], [ -73.63161, 43.497273 ], [ -73.636212, 43.50013 ], [ -73.632463, 43.501228 ], [ -73.63235, 43.511991 ], [ -73.628895, 43.518805 ], [ -73.625107, 43.519139 ], [ -73.626835, 43.5213 ], [ -73.623674, 43.519075 ], [ -73.618964, 43.520577 ], [ -73.617074, 43.537322 ], [ -73.606995, 43.551866 ], [ -73.614129, 43.556107 ], [ -73.611011, 43.560496 ], [ -73.613186, 43.563061 ], [ -73.607495, 43.56378 ], [ -73.603035, 43.568464 ], [ -73.592177, 43.568419 ], [ -73.580942, 43.573643 ], [ -73.577127, 43.579431 ], [ -73.581917, 43.578603 ], [ -73.581518, 43.580997 ], [ -73.575054, 43.582126 ], [ -73.566516, 43.590803 ], [ -73.565025, 43.59815 ], [ -73.55519, 43.604649 ], [ -73.539036, 43.625675 ], [ -73.527138, 43.635887 ], [ -73.51427, 43.637409 ], [ -73.512515, 43.643489 ], [ -73.501189, 43.645767 ], [ -73.502419, 43.65195 ], [ -73.496069, 43.652003 ], [ -73.49291, 43.657139 ], [ -73.496651, 43.661674 ], [ -73.493045, 43.662844 ], [ -73.492497, 43.669949 ], [ -73.496571, 43.672911 ], [ -73.492078, 43.672917 ], [ -73.48711, 43.678857 ], [ -73.483915, 43.690619 ] ] ] } },
{ "type": "Feature", "properties": { "fips": "36119", "county": "Westchester", "state": "NY" }, "geometry": { "type": "Polygon", "coordinates": [ [ [ -73.909281, 41.164395 ], [ -73.931482, 41.204994 ], [ -73.961383, 41.234194 ], [ -73.961283, 41.241994 ], [ -73.970784, 41.247893 ], [ -73.969684, 41.263193 ], [ -73.945883, 41.289493 ], [ -73.966983, 41.301693 ], [ -73.980984, 41.314193 ], [ -73.982584, 41.321693 ], [ -73.544728, 41.366375 ], [ -73.550962, 41.295421 ], [ -73.482695, 41.212772 ], [ -73.727775, 41.100696 ], [ -73.655255, 41.012246 ], [ -73.660268, 41.000484 ], [ -73.657228, 40.990914 ], [ -73.659671, 40.987909 ], [ -73.612885, 40.950943 ], [ -73.74806, 40.871721 ], [ -73.838407, 40.894061 ], [ -73.841386, 40.904174 ], [ -73.853528, 40.907465 ], [ -73.851123, 40.910009 ], [ -73.854342, 40.908974 ], [ -73.85931, 40.900479 ], [ -73.917905, 40.917577 ], [ -73.896479, 40.981701 ], [ -73.889479, 41.034097 ], [ -73.89488, 41.082396 ], [ -73.88748, 41.138295 ], [ -73.892481, 41.150595 ], [ -73.909281, 41.164395 ] ] ] } },
{ "type": "Feature", "properties": { "fips": "09009", "county": "New Haven", "state": "CT" }, "geometry": { "type": "Polygon", "coordinates": [ [ [ -73.139555, 41.361196 ], [ -73.157923, 41.377223 ], [ -73.157977, 41.382959 ], [ -73.173356, 41.383596 ], [ -73.181168, 41.389611 ], [ -73.187957, 41.397296 ], [ -73.186557, 41.408596 ], [ -73.198157, 41.411896 ], [ -73.218235, 41.42907 ], [ -73.226479, 41.430309 ], [ -73.238411, 41.426253 ], [ -73.245259, 41.439895 ], [ -73.257734, 41.433564 ], [ -73.263678, 41.434532 ], [ -73.273696, 41.451645 ], [ -73.29776, 41.448276 ], [ -73.299593, 41.470111 ], [ -73.312777, 41.469935 ], [ -73.327114, 41.484527 ], [ -73.326794, 41.493039 ], [ -73.320519, 41.503981 ], [ -73.242765, 41.512985 ], [ -73.204197, 41.508527 ], [ -73.155492, 41.514304 ], [ -73.164676, 41.557088 ], [ -73.145155, 41.557796 ], [ -73.092353, 41.570496 ], [ -73.082955, 41.585616 ], [ -73.05801, 41.588647 ], [ -73.059469, 41.606179 ], [ -73.036156, 41.615197 ], [ -73.01865, 41.614097 ], [ -73.021471, 41.627104 ], [ -73.004046, 41.628577 ], [ -72.98325, 41.639598 ], [ -72.938501, 41.644311 ], [ -72.933644, 41.607794 ], [ -72.94635, 41.556797 ], [ -72.883885, 41.563812 ], [ -72.874123, 41.559322 ], [ -72.867806, 41.54898 ], [ -72.84428, 41.544725 ], [ -72.848541, 41.567329 ], [ -72.827644, 41.570999 ], [ -72.829644, 41.562397 ], [ -72.825743, 41.564298 ], [ -72.826141, 41.555897 ], [ -72.819145, 41.554298 ], [ -72.801243, 41.573098 ], [ -72.752181, 41.578894 ], [ -72.74333, 41.483114 ], [ -72.733886, 41.485368 ], [ -72.73912, 41.438294 ], [ -72.746141, 41.423297 ], [ -72.654193, 41.438256 ], [ -72.652661, 41.434695 ], [ -72.648363, 41.435148 ], [ -72.649504, 41.430924 ], [ -72.642257, 41.429236 ], [ -72.650416, 41.418964 ], [ -72.641124, 41.413482 ], [ -72.632033, 41.412138 ], [ -72.630284, 41.402677 ], [ -72.612328, 41.386179 ], [ -72.614006, 41.38078 ], [ -72.608132, 41.367404 ], [ -72.612634, 41.360485 ], [ -72.614269, 41.32962 ], [ -72.600784, 41.325814 ], [ -72.59667, 41.328446 ], [ -72.591498, 41.322657 ], [ -72.585943, 41.324014 ], [ -72.585149, 41.31895 ], [ -72.589608, 41.315497 ], [ -72.584903, 41.313955 ], [ -72.588574, 41.3117 ], [ -72.585599, 41.307348 ], [ -72.570702, 41.298004 ], [ -72.557236, 41.281992 ], [ -72.545986, 41.280335 ], [ -72.547235, 41.262499 ], [ -72.527902, 41.250115 ], [ -72.527901, 41.177774 ], [ -72.999547, 41.087108 ], [ -73.121453, 41.177597 ], [ -73.121352, 41.187496 ], [ -73.109653, 41.201997 ], [ -73.109953, 41.229396 ], [ -73.08735, 41.251792 ], [ -73.088682, 41.271737 ], [ -73.083752, 41.281496 ], [ -73.068751, 41.289196 ], [ -73.065051, 41.297596 ], [ -73.078952, 41.311596 ], [ -73.115754, 41.332196 ], [ -73.124654, 41.345296 ], [ -73.136054, 41.351196 ], [ -73.139555, 41.361196 ] ] ] } },
{ "type": "Feature", "properties": { "fips": "09013", "county": "Tolland", "state": "CT" }, "geometry": { "type": "Polygon", "coordinates": [ [ [ -72.49681, 41.860616 ], [ -72.51833, 41.856899 ], [ -72.51333, 41.945401 ], [ -72.492729, 41.947497 ], [ -72.509233, 42.034376 ], [ -72.10217, 42.028869 ], [ -72.099229, 41.958948 ], [ -72.21698, 41.958161 ], [ -72.217719, 41.835184 ], [ -72.164498, 41.834913 ], [ -72.156321, 41.753491 ], [ -72.16342, 41.749744 ], [ -72.168484, 41.752231 ], [ -72.171648, 41.748467 ], [ -72.176385, 41.749983 ], [ -72.17787, 41.75537 ], [ -72.187656, 41.755181 ], [ -72.18573, 41.751914 ], [ -72.195644, 41.739611 ], [ -72.190961, 41.731395 ], [ -72.198518, 41.731743 ], [ -72.198126, 41.728176 ], [ -72.252643, 41.728202 ], [ -72.252994, 41.724921 ], [ -72.247094, 41.723492 ], [ -72.239559, 41.714191 ], [ -72.244723, 41.714063 ], [ -72.247677, 41.708766 ], [ -72.244283, 41.705174 ], [ -72.251249, 41.703324 ], [ -72.25066, 41.699088 ], [ -72.260728, 41.698645 ], [ -72.26576, 41.690891 ], [ -72.274307, 41.692607 ], [ -72.266141, 41.677273 ], [ -72.268418, 41.671137 ], [ -72.278669, 41.671975 ], [ -72.303643, 41.653982 ], [ -72.334226, 41.643598 ], [ -72.32451, 41.61857 ], [ -72.328095, 41.605471 ], [ -72.34354, 41.59925 ], [ -72.356208, 41.597551 ], [ -72.362491, 41.601185 ], [ -72.371095, 41.599473 ], [ -72.375211, 41.6014 ], [ -72.38415, 41.588652 ], [ -72.410367, 41.602581 ], [ -72.409217, 41.630749 ], [ -72.429429, 41.662299 ], [ -72.448129, 41.671898 ], [ -72.476029, 41.812997 ], [ -72.507531, 41.809698 ], [ -72.49681, 41.860616 ] ] ] } },
{ "type": "Feature", "properties": { "fips": "36049", "county": "Lewis", "state": "NY" }, "geometry": { "type": "Polygon", "coordinates": [ [ [ -75.502014, 44.036244 ], [ -75.493342, 44.046835 ], [ -75.502741, 44.051253 ], [ -75.484528, 44.074172 ], [ -75.545886, 44.102978 ], [ -75.446124, 44.217655 ], [ -75.170159, 44.096959 ], [ -75.11016, 43.615229 ], [ -75.5335, 43.419756 ], [ -75.756213, 43.470388 ], [ -75.766776, 43.625069 ], [ -75.786759, 43.78832 ], [ -75.850534, 43.791886 ], [ -75.84056, 43.883976 ], [ -75.758157, 43.878785 ], [ -75.60367, 43.971363 ], [ -75.596651, 43.966607 ], [ -75.581403, 43.968487 ], [ -75.577181, 43.965276 ], [ -75.542898, 43.967795 ], [ -75.549993, 44.008163 ], [ -75.50183, 44.009556 ], [ -75.502014, 44.036244 ] ] ] } },
{ "type": "Feature", "properties": { "fips": "36069", "county": "Ontario", "state": "NY" }, "geometry": { "type": "Polygon", "coordinates": [ [ [ -77.482517, 42.943164 ], [ -77.485418, 43.034564 ], [ -77.246804, 43.034663 ], [ -77.246604, 43.039763 ], [ -77.134335, 43.039926 ], [ -77.133397, 43.012463 ], [ -76.963926, 43.013157 ], [ -76.963365, 42.872945 ], [ -76.978526, 42.869072 ], [ -76.981334, 42.861313 ], [ -76.972911, 42.837142 ], [ -76.978318, 42.829042 ], [ -76.974135, 42.812088 ], [ -76.978107, 42.774169 ], [ -76.971392, 42.764223 ], [ -77.313004, 42.761265 ], [ -77.336705, 42.733966 ], [ -77.346605, 42.716366 ], [ -77.354406, 42.697166 ], [ -77.357405, 42.667967 ], [ -77.367106, 42.667866 ], [ -77.366505, 42.576368 ], [ -77.490889, 42.577288 ], [ -77.486875, 42.670279 ], [ -77.598815, 42.671965 ], [ -77.611718, 42.761333 ], [ -77.61167, 42.763169 ], [ -77.588217, 42.762964 ], [ -77.587997, 42.854011 ], [ -77.551926, 42.854064 ], [ -77.554968, 42.863217 ], [ -77.550824, 42.864004 ], [ -77.5509, 42.867425 ], [ -77.549408, 42.864331 ], [ -77.546243, 42.865892 ], [ -77.547374, 42.869695 ], [ -77.552344, 42.869288 ], [ -77.547843, 42.874527 ], [ -77.554004, 42.874381 ], [ -77.549324, 42.879208 ], [ -77.553284, 42.890039 ], [ -77.556633, 42.890344 ], [ -77.552411, 42.892652 ], [ -77.557303, 42.894863 ], [ -77.554303, 42.89787 ], [ -77.560529, 42.900181 ], [ -77.559574, 42.918094 ], [ -77.563008, 42.91743 ], [ -77.56341, 42.920154 ], [ -77.560376, 42.921823 ], [ -77.567153, 42.928853 ], [ -77.567004, 42.936089 ], [ -77.572898, 42.935368 ], [ -77.580377, 42.943963 ], [ -77.482517, 42.943164 ] ] ] } },
{ "type": "Feature", "properties": { "fips": "36023", "county": "Cortland", "state": "NY" }, "geometry": { "type": "Polygon", "coordinates": [ [ [ -76.253359, 42.407568 ], [ -76.274673, 42.771257 ], [ -75.896079, 42.790964 ], [ -75.86402, 42.415702 ], [ -76.017731, 42.409058 ], [ -76.021374, 42.409008 ], [ -76.022236, 42.412761 ], [ -76.253359, 42.407568 ] ] ] } },
{ "type": "Feature", "properties": { "fips": "34017", "county": "Hudson", "state": "NJ" }, "geometry": { "type": "Polygon", "coordinates": [ [ [ -74.090787, 40.761984 ], [ -74.087775, 40.765422 ], [ -74.089976, 40.778176 ], [ -74.076753, 40.795621 ], [ -74.060026, 40.805988 ], [ -74.035823, 40.808103 ], [ -74.027734, 40.815958 ], [ -74.024044, 40.814742 ], [ -74.017506, 40.823468 ], [ -74.011376, 40.820838 ], [ -74.012352, 40.815977 ], [ -73.993161, 40.805759 ], [ -73.99331, 40.801286 ], [ -73.984794, 40.797687 ], [ -74.013784, 40.756601 ], [ -74.026284, 40.699902 ], [ -74.055739, 40.65176 ], [ -74.086806, 40.651596 ], [ -74.093746, 40.648239 ], [ -74.143255, 40.642149 ], [ -74.161428, 40.644148 ], [ -74.112787, 40.703102 ], [ -74.121387, 40.721001 ], [ -74.117605, 40.739638 ], [ -74.122786, 40.742101 ], [ -74.137492, 40.741398 ], [ -74.147188, 40.734401 ], [ -74.155687, 40.733501 ], [ -74.163788, 40.739201 ], [ -74.164513, 40.756388 ], [ -74.148987, 40.778001 ], [ -74.147529, 40.786491 ], [ -74.13045, 40.777637 ], [ -74.12719, 40.771342 ], [ -74.117879, 40.771918 ], [ -74.1097, 40.777789 ], [ -74.100937, 40.776017 ], [ -74.095936, 40.762943 ], [ -74.090787, 40.761984 ] ], [ [ -74.038936, 40.699655 ], [ -74.039931, 40.69859 ], [ -74.038372, 40.698669 ], [ -74.038936, 40.699655 ] ], [ [ -74.047285, 40.690503 ], [ -74.045074, 40.688735 ], [ -74.043658, 40.688861 ], [ -74.044848, 40.690728 ], [ -74.047285, 40.690503 ] ] ] } },
{ "type": "Feature", "properties": { "fips": "09003", "county": "Hartford", "state": "CT" }, "geometry": { "type": "Polygon", "coordinates": [ [ [ -72.949024, 41.806431 ], [ -72.936348, 41.839798 ], [ -72.942245, 41.843445 ], [ -72.951772, 41.842852 ], [ -72.953849, 41.848453 ], [ -72.940647, 41.895196 ], [ -72.915346, 41.896797 ], [ -72.88706, 41.973121 ], [ -73.029537, 41.966606 ], [ -73.008766, 42.038785 ], [ -72.813784, 42.036744 ], [ -72.817053, 41.997685 ], [ -72.766733, 42.003266 ], [ -72.766253, 42.007871 ], [ -72.761501, 42.009302 ], [ -72.762977, 42.013466 ], [ -72.75895, 42.015469 ], [ -72.765806, 42.019568 ], [ -72.765252, 42.022366 ], [ -72.757341, 42.020979 ], [ -72.752062, 42.029025 ], [ -72.757301, 42.033381 ], [ -72.755894, 42.036349 ], [ -72.69933, 42.036957 ], [ -72.607978, 42.031083 ], [ -72.607169, 42.025148 ], [ -72.582163, 42.024741 ], [ -72.572778, 42.030219 ], [ -72.509233, 42.034376 ], [ -72.492729, 41.947497 ], [ -72.51333, 41.945401 ], [ -72.51833, 41.856899 ], [ -72.49681, 41.860616 ], [ -72.507531, 41.809698 ], [ -72.476029, 41.812997 ], [ -72.448129, 41.671898 ], [ -72.429429, 41.662299 ], [ -72.40917, 41.630585 ], [ -72.410329, 41.602698 ], [ -72.417229, 41.590598 ], [ -72.46673, 41.583899 ], [ -72.505431, 41.646999 ], [ -72.630524, 41.633282 ], [ -72.627836, 41.640199 ], [ -72.713897, 41.627705 ], [ -72.715799, 41.623725 ], [ -72.711134, 41.618036 ], [ -72.714538, 41.60431 ], [ -72.72994, 41.601498 ], [ -72.731671, 41.595779 ], [ -72.752941, 41.592497 ], [ -72.752141, 41.578898 ], [ -72.801243, 41.573098 ], [ -72.819145, 41.554298 ], [ -72.826141, 41.555897 ], [ -72.825743, 41.564298 ], [ -72.829644, 41.562397 ], [ -72.827644, 41.570999 ], [ -72.848541, 41.567329 ], [ -72.84428, 41.544725 ], [ -72.867806, 41.54898 ], [ -72.874123, 41.559322 ], [ -72.883885, 41.563812 ], [ -72.94635, 41.556797 ], [ -72.933644, 41.607794 ], [ -72.938501, 41.644311 ], [ -72.98325, 41.639598 ], [ -73.016936, 41.798183 ], [ -72.949024, 41.806431 ] ] ] } },
{ "type": "Feature", "properties": { "fips": "09015", "county": "Windham", "state": "CT" }, "geometry": { "type": "Polygon", "coordinates": [ [ [ -72.164498, 41.834913 ], [ -72.217719, 41.835184 ], [ -72.21698, 41.958161 ], [ -72.099229, 41.958948 ], [ -72.10217, 42.028869 ], [ -71.800671, 42.023514 ], [ -71.787658, 41.639918 ], [ -71.857917, 41.644227 ], [ -71.951936, 41.634328 ], [ -72.146717, 41.667169 ], [ -72.151747, 41.667516 ], [ -72.157546, 41.657627 ], [ -72.244246, 41.716923 ], [ -72.247094, 41.723492 ], [ -72.253201, 41.725796 ], [ -72.252643, 41.728202 ], [ -72.198126, 41.728176 ], [ -72.198518, 41.731743 ], [ -72.190961, 41.731395 ], [ -72.195644, 41.739611 ], [ -72.18573, 41.751914 ], [ -72.187656, 41.755181 ], [ -72.17787, 41.75537 ], [ -72.176385, 41.749983 ], [ -72.171648, 41.748467 ], [ -72.168123, 41.75232 ], [ -72.16342, 41.749744 ], [ -72.157531, 41.751912 ], [ -72.164498, 41.834913 ] ] ] } },
{ "type": "Feature", "properties": { "fips": "36085", "county": "Richmond", "state": "NY" }, "geometry": { "type": "Polygon", "coordinates": [ [ [ -74.259089, 40.499561 ], [ -74.25481, 40.515344 ], [ -74.246069, 40.520952 ], [ -74.250609, 40.541851 ], [ -74.247415, 40.5492 ], [ -74.231693, 40.558457 ], [ -74.218398, 40.556996 ], [ -74.215278, 40.560241 ], [ -74.206298, 40.588542 ], [ -74.19952, 40.597539 ], [ -74.203813, 40.605961 ], [ -74.202247, 40.630903 ], [ -74.188344, 40.644264 ], [ -74.18139, 40.646475 ], [ -74.143255, 40.642149 ], [ -74.093746, 40.648239 ], [ -74.086806, 40.651596 ], [ -74.055739, 40.65176 ], [ -74.05663, 40.627287 ], [ -74.041393, 40.603106 ], [ -74.034547, 40.57625 ], [ -74.042112, 40.509299 ], [ -74.228153, 40.477399 ], [ -74.253313, 40.487386 ], [ -74.259089, 40.499561 ] ] ] } },
{ "type": "Feature", "properties": { "fips": "36029", "county": "Erie", "state": "NY" }, "geometry": { "type": "Polygon", "coordinates": [ [ [ -78.99976, 42.804368 ], [ -78.930559, 42.850105 ], [ -78.905758, 42.899957 ], [ -78.905659, 42.923357 ], [ -78.918859, 42.946857 ], [ -78.93236, 42.955857 ], [ -78.961761, 42.957756 ], [ -78.975062, 42.968756 ], [ -79.011563, 42.985256 ], [ -79.019964, 42.994756 ], [ -79.023256, 43.016356 ], [ -79.011747, 43.028956 ], [ -78.999435, 43.056057 ], [ -79.00713, 43.065757 ], [ -79.019228, 43.067958 ], [ -78.945262, 43.066956 ], [ -78.91152, 43.05474 ], [ -78.89626, 43.044156 ], [ -78.890159, 43.021956 ], [ -78.881974, 43.024155 ], [ -78.87625, 43.021558 ], [ -78.8611, 43.022866 ], [ -78.841745, 43.018863 ], [ -78.825366, 43.033656 ], [ -78.832119, 43.046947 ], [ -78.830415, 43.050793 ], [ -78.806821, 43.053626 ], [ -78.806817, 43.062297 ], [ -78.800759, 43.066272 ], [ -78.77858, 43.065415 ], [ -78.768292, 43.070139 ], [ -78.744931, 43.069921 ], [ -78.735168, 43.083031 ], [ -78.727982, 43.086174 ], [ -78.719048, 43.081055 ], [ -78.709488, 43.082581 ], [ -78.707321, 43.086948 ], [ -78.691177, 43.08868 ], [ -78.682793, 43.080269 ], [ -78.679512, 43.084759 ], [ -78.664169, 43.08643 ], [ -78.647514, 43.080639 ], [ -78.648995, 43.087287 ], [ -78.647008, 43.089817 ], [ -78.64109, 43.089077 ], [ -78.641104, 43.097416 ], [ -78.636459, 43.093334 ], [ -78.630301, 43.093894 ], [ -78.632683, 43.090961 ], [ -78.626671, 43.08511 ], [ -78.619072, 43.087482 ], [ -78.612511, 43.083645 ], [ -78.617149, 43.078342 ], [ -78.616074, 43.0742 ], [ -78.612267, 43.077892 ], [ -78.601831, 43.076636 ], [ -78.606762, 43.072836 ], [ -78.595261, 43.072453 ], [ -78.594503, 43.069425 ], [ -78.591064, 43.076122 ], [ -78.586708, 43.072975 ], [ -78.582656, 43.07515 ], [ -78.580231, 43.080444 ], [ -78.585136, 43.08519 ], [ -78.582497, 43.088654 ], [ -78.578239, 43.087921 ], [ -78.574989, 43.079906 ], [ -78.572372, 43.08205 ], [ -78.57637, 43.088669 ], [ -78.564964, 43.088367 ], [ -78.559998, 43.097336 ], [ -78.55481, 43.09507 ], [ -78.560448, 43.089901 ], [ -78.550721, 43.092907 ], [ -78.545296, 43.098591 ], [ -78.541107, 43.093653 ], [ -78.546486, 43.093231 ], [ -78.546822, 43.090065 ], [ -78.54276, 43.088741 ], [ -78.541496, 43.091053 ], [ -78.54, 43.08567 ], [ -78.527573, 43.090649 ], [ -78.526726, 43.08754 ], [ -78.514236, 43.090237 ], [ -78.51519, 43.094688 ], [ -78.510056, 43.098072 ], [ -78.509109, 43.0933 ], [ -78.506981, 43.09429 ], [ -78.503661, 43.093111 ], [ -78.506138, 43.089728 ], [ -78.500724, 43.089062 ], [ -78.5028, 43.086575 ], [ -78.496971, 43.086559 ], [ -78.49732, 43.081918 ], [ -78.475838, 43.086338 ], [ -78.472145, 43.081497 ], [ -78.464449, 43.088703 ], [ -78.464381, 42.867461 ], [ -78.486256, 42.867731 ], [ -78.488143, 42.78066 ], [ -78.463233, 42.780461 ], [ -78.46394, 42.536332 ], [ -78.469001, 42.533285 ], [ -78.488476, 42.534845 ], [ -78.491165, 42.530089 ], [ -78.507287, 42.526423 ], [ -78.511796, 42.527744 ], [ -78.519078, 42.51916 ], [ -78.531526, 42.521103 ], [ -78.539333, 42.513921 ], [ -78.548135, 42.517801 ], [ -78.547292, 42.515443 ], [ -78.555692, 42.511071 ], [ -78.560251, 42.513236 ], [ -78.563664, 42.508784 ], [ -78.568652, 42.512772 ], [ -78.57335, 42.510581 ], [ -78.581298, 42.514174 ], [ -78.587347, 42.508994 ], [ -78.597718, 42.512484 ], [ -78.611981, 42.502826 ], [ -78.623169, 42.503899 ], [ -78.627024, 42.497409 ], [ -78.638678, 42.498058 ], [ -78.644446, 42.491067 ], [ -78.6624, 42.492437 ], [ -78.667178, 42.487204 ], [ -78.670243, 42.488717 ], [ -78.675206, 42.483669 ], [ -78.681885, 42.483629 ], [ -78.682777, 42.477936 ], [ -78.686547, 42.475394 ], [ -78.691847, 42.476397 ], [ -78.693738, 42.471723 ], [ -78.700185, 42.474641 ], [ -78.70104, 42.48561 ], [ -78.712368, 42.483571 ], [ -78.715097, 42.48686 ], [ -78.718093, 42.483693 ], [ -78.728828, 42.48254 ], [ -78.73104, 42.478704 ], [ -78.738306, 42.480456 ], [ -78.738137, 42.473307 ], [ -78.749801, 42.473729 ], [ -78.751445, 42.468318 ], [ -78.764503, 42.470385 ], [ -78.758532, 42.463642 ], [ -78.764312, 42.461402 ], [ -78.775608, 42.464384 ], [ -78.777249, 42.461114 ], [ -78.77015, 42.458135 ], [ -78.779782, 42.455249 ], [ -78.796122, 42.462764 ], [ -78.809681, 42.458868 ], [ -78.821805, 42.450727 ], [ -78.826354, 42.451763 ], [ -78.827315, 42.448384 ], [ -78.832057, 42.448934 ], [ -78.838734, 42.442697 ], [ -78.84533, 42.445024 ], [ -78.867565, 42.442223 ], [ -78.870682, 42.439532 ], [ -78.877711, 42.441729 ], [ -78.883795, 42.437997 ], [ -78.887508, 42.442268 ], [ -78.894694, 42.439587 ], [ -78.900217, 42.449154 ], [ -78.90551, 42.446221 ], [ -78.912377, 42.447971 ], [ -78.919766, 42.442386 ], [ -78.922118, 42.444904 ], [ -78.919255, 42.454048 ], [ -78.938927, 42.468006 ], [ -78.950349, 42.468163 ], [ -78.95703, 42.472362 ], [ -78.963436, 42.486587 ], [ -78.961177, 42.494018 ], [ -78.966565, 42.493699 ], [ -78.980228, 42.506155 ], [ -78.986069, 42.50499 ], [ -78.982775, 42.511559 ], [ -78.987806, 42.513425 ], [ -78.986404, 42.519115 ], [ -78.995326, 42.531796 ], [ -79.006733, 42.535817 ], [ -79.013433, 42.534679 ], [ -79.033098, 42.54328 ], [ -79.040731, 42.537375 ], [ -79.061344, 42.537995 ], [ -79.090077, 42.55024 ], [ -79.080877, 42.555437 ], [ -79.091747, 42.556407 ], [ -79.095072, 42.564239 ], [ -79.105192, 42.563341 ], [ -79.10366, 42.567592 ], [ -79.107778, 42.569965 ], [ -79.114929, 42.570046 ], [ -79.125798, 42.565092 ], [ -79.134199, 42.568164 ], [ -79.312136, 42.686805 ], [ -78.99976, 42.804368 ] ] ] } },
{ "type": "Feature", "properties": { "fips": "36079", "county": "Putnam", "state": "NY" }, "geometry": { "type": "Polygon", "coordinates": [ [ [ -73.933775, 41.488279 ], [ -73.692664, 41.512246 ], [ -73.579783, 41.526461 ], [ -73.530067, 41.527194 ], [ -73.544728, 41.366375 ], [ -73.982584, 41.321693 ], [ -73.961257, 41.348539 ], [ -73.956801, 41.372205 ], [ -73.947294, 41.394765 ], [ -73.949338, 41.39816 ], [ -73.961775, 41.402822 ], [ -73.966643, 41.417425 ], [ -73.981551, 41.439008 ], [ -73.933775, 41.488279 ] ] ] } },
{ "type": "Feature", "properties": { "fips": "34025", "county": "Monmouth", "state": "NJ" }, "geometry": { "type": "Polygon", "coordinates": [ [ [ -74.377545, 40.305432 ], [ -74.247894, 40.406605 ], [ -74.247797, 40.431197 ], [ -74.236407, 40.443445 ], [ -74.226493, 40.444629 ], [ -74.223084, 40.449674 ], [ -74.228153, 40.477399 ], [ -73.949912, 40.52554 ], [ -73.886652, 40.489794 ], [ -73.889645, 40.486511 ], [ -73.88506, 40.452776 ], [ -73.887082, 40.345009 ], [ -73.890791, 40.31069 ], [ -73.898208, 40.274353 ], [ -73.962735, 40.119914 ], [ -73.965414, 40.097642 ], [ -74.02788, 40.099215 ], [ -74.045719, 40.105295 ], [ -74.072373, 40.089381 ], [ -74.083514, 40.095561 ], [ -74.094222, 40.107509 ], [ -74.095727, 40.12853 ], [ -74.099039, 40.127781 ], [ -74.107464, 40.137036 ], [ -74.150315, 40.098877 ], [ -74.160123, 40.106946 ], [ -74.168535, 40.106746 ], [ -74.17873, 40.110942 ], [ -74.203888, 40.11255 ], [ -74.230634, 40.109561 ], [ -74.243744, 40.116099 ], [ -74.241786, 40.130888 ], [ -74.251123, 40.146463 ], [ -74.259811, 40.149052 ], [ -74.258184, 40.160074 ], [ -74.261455, 40.167033 ], [ -74.40671, 40.172402 ], [ -74.528065, 40.089799 ], [ -74.553105, 40.07913 ], [ -74.614576, 40.182383 ], [ -74.599635, 40.186791 ], [ -74.593675, 40.179421 ], [ -74.576252, 40.186754 ], [ -74.571241, 40.185293 ], [ -74.562245, 40.190293 ], [ -74.543268, 40.216692 ], [ -74.481476, 40.24289 ], [ -74.487407, 40.253129 ], [ -74.461017, 40.251122 ], [ -74.393482, 40.279514 ], [ -74.394231, 40.28839 ], [ -74.377545, 40.305432 ] ] ] } },
{ "type": "Feature", "properties": { "fips": "34035", "county": "Somerset", "state": "NJ" }, "geometry": { "type": "Polygon", "coordinates": [ [ [ -74.702703, 40.621117 ], [ -74.711429, 40.624929 ], [ -74.713387, 40.630747 ], [ -74.725675, 40.631717 ], [ -74.727646, 40.635989 ], [ -74.72284, 40.639047 ], [ -74.723865, 40.647347 ], [ -74.71952, 40.654324 ], [ -74.727634, 40.658682 ], [ -74.730802, 40.665457 ], [ -74.722701, 40.67009 ], [ -74.717728, 40.683869 ], [ -74.723925, 40.688151 ], [ -74.715759, 40.700295 ], [ -74.720198, 40.706584 ], [ -74.720349, 40.715385 ], [ -74.725666, 40.719532 ], [ -74.556018, 40.758288 ], [ -74.548711, 40.746119 ], [ -74.54935, 40.733853 ], [ -74.543504, 40.734569 ], [ -74.530893, 40.729854 ], [ -74.531228, 40.719683 ], [ -74.524109, 40.715618 ], [ -74.526198, 40.709441 ], [ -74.513875, 40.701097 ], [ -74.514298, 40.694417 ], [ -74.51903, 40.693301 ], [ -74.516762, 40.68925 ], [ -74.524049, 40.689526 ], [ -74.527879, 40.684344 ], [ -74.525718, 40.670487 ], [ -74.534373, 40.667247 ], [ -74.525574, 40.660743 ], [ -74.523229, 40.649157 ], [ -74.512305, 40.649591 ], [ -74.5037, 40.65963 ], [ -74.490209, 40.663587 ], [ -74.48538, 40.662437 ], [ -74.484698, 40.6659 ], [ -74.476412, 40.666471 ], [ -74.473768, 40.669308 ], [ -74.469262, 40.668004 ], [ -74.461035, 40.673504 ], [ -74.450846, 40.654148 ], [ -74.432773, 40.664663 ], [ -74.420118, 40.657637 ], [ -74.405528, 40.667724 ], [ -74.4018, 40.664481 ], [ -74.408194, 40.643086 ], [ -74.414411, 40.640677 ], [ -74.416196, 40.629328 ], [ -74.427161, 40.617112 ], [ -74.438011, 40.609795 ], [ -74.447735, 40.607964 ], [ -74.451469, 40.603472 ], [ -74.473687, 40.597106 ], [ -74.485719, 40.588244 ], [ -74.499538, 40.586904 ], [ -74.502349, 40.584006 ], [ -74.505256, 40.586255 ], [ -74.516149, 40.581327 ], [ -74.525886, 40.568387 ], [ -74.526685, 40.559474 ], [ -74.518169, 40.553375 ], [ -74.514122, 40.542031 ], [ -74.495188, 40.529065 ], [ -74.481902, 40.512001 ], [ -74.466947, 40.508898 ], [ -74.466995, 40.502929 ], [ -74.459179, 40.496619 ], [ -74.459863, 40.491046 ], [ -74.482344, 40.481751 ], [ -74.53619, 40.438326 ], [ -74.584987, 40.418176 ], [ -74.588313, 40.393514 ], [ -74.602472, 40.38077 ], [ -74.619722, 40.373758 ], [ -74.617768, 40.378996 ], [ -74.622519, 40.384296 ], [ -74.653928, 40.391048 ], [ -74.674243, 40.384341 ], [ -74.722061, 40.375205 ], [ -74.797881, 40.51567 ], [ -74.787417, 40.512159 ], [ -74.781393, 40.505001 ], [ -74.775979, 40.503606 ], [ -74.742659, 40.553898 ], [ -74.724597, 40.566184 ], [ -74.71315, 40.583903 ], [ -74.724937, 40.588755 ], [ -74.718582, 40.599656 ], [ -74.721752, 40.600702 ], [ -74.702703, 40.621117 ] ] ] } },
{ "type": "Feature", "properties": { "fips": "36057", "county": "Montgomery", "state": "NY" }, "geometry": { "type": "Polygon", "coordinates": [ [ [ -74.740093, 42.998315 ], [ -74.743715, 42.99941 ], [ -74.740237, 43.014483 ], [ -74.743805, 43.030741 ], [ -74.758815, 43.042028 ], [ -74.759895, 43.047423 ], [ -74.542367, 42.98553 ], [ -74.097467, 42.982934 ], [ -74.083883, 42.897354 ], [ -74.256829, 42.812214 ], [ -74.255323, 42.806064 ], [ -74.264672, 42.799659 ], [ -74.263314, 42.796534 ], [ -74.289446, 42.783805 ], [ -74.324717, 42.783428 ], [ -74.454911, 42.772979 ], [ -74.562477, 42.812916 ], [ -74.650699, 42.830054 ], [ -74.763303, 42.863237 ], [ -74.740093, 42.998315 ] ] ] } },
{ "type": "Feature", "properties": { "fips": "34029", "county": "Ocean", "state": "NJ" }, "geometry": { "type": "Polygon", "coordinates": [ [ [ -74.528374, 40.089613 ], [ -74.40671, 40.172402 ], [ -74.261455, 40.167033 ], [ -74.258184, 40.160074 ], [ -74.259811, 40.149052 ], [ -74.251123, 40.146463 ], [ -74.241786, 40.130888 ], [ -74.243744, 40.116099 ], [ -74.231843, 40.109806 ], [ -74.203888, 40.11255 ], [ -74.17873, 40.110942 ], [ -74.168535, 40.106746 ], [ -74.160123, 40.106946 ], [ -74.150315, 40.098877 ], [ -74.107464, 40.137036 ], [ -74.099039, 40.127781 ], [ -74.095727, 40.12853 ], [ -74.094222, 40.107509 ], [ -74.083514, 40.095561 ], [ -74.072373, 40.089381 ], [ -74.045719, 40.105295 ], [ -74.02788, 40.099215 ], [ -73.965414, 40.097642 ], [ -73.999577, 39.976798 ], [ -74.019899, 39.875119 ], [ -74.033079, 39.770019 ], [ -74.043863, 39.736353 ], [ -74.096531, 39.649949 ], [ -74.183189, 39.532994 ], [ -74.232062, 39.475198 ], [ -74.296461, 39.475292 ], [ -74.312612, 39.500117 ], [ -74.326382, 39.506332 ], [ -74.354214, 39.505572 ], [ -74.380796, 39.498537 ], [ -74.402431, 39.539111 ], [ -74.416661, 39.550536 ], [ -74.414097, 39.562396 ], [ -74.419041, 39.568367 ], [ -74.400819, 39.572242 ], [ -74.390399, 39.596037 ], [ -74.389708, 39.773283 ], [ -74.553105, 40.07913 ], [ -74.528374, 40.089613 ] ] ] } },
{ "type": "Feature", "properties": { "fips": "36105", "county": "Sullivan", "state": "NY" }, "geometry": { "type": "Polygon", "coordinates": [ [ [ -75.054131, 41.730105 ], [ -75.053227, 41.751662 ], [ -75.060756, 41.764639 ], [ -75.075942, 41.771518 ], [ -75.095451, 41.768366 ], [ -75.101752, 41.769513 ], [ -75.104571, 41.773599 ], [ -75.101463, 41.787941 ], [ -75.092876, 41.796386 ], [ -75.076889, 41.798509 ], [ -75.072172, 41.813732 ], [ -75.078063, 41.815112 ], [ -75.089484, 41.811576 ], [ -75.113334, 41.822782 ], [ -75.115598, 41.844638 ], [ -75.130983, 41.845145 ], [ -75.140241, 41.852078 ], [ -75.146446, 41.850899 ], [ -74.780693, 42.016375 ], [ -74.453685, 41.875595 ], [ -74.486924, 41.835264 ], [ -74.575086, 41.745258 ], [ -74.395071, 41.644876 ], [ -74.386842, 41.628559 ], [ -74.385954, 41.617911 ], [ -74.375937, 41.604574 ], [ -74.376009, 41.597972 ], [ -74.364361, 41.59385 ], [ -74.370089, 41.58859 ], [ -74.379951, 41.587416 ], [ -74.385559, 41.583242 ], [ -74.390496, 41.586315 ], [ -74.397614, 41.575094 ], [ -74.40656, 41.57222 ], [ -74.408554, 41.574906 ], [ -74.411085, 41.571012 ], [ -74.408251, 41.568311 ], [ -74.418302, 41.569651 ], [ -74.419733, 41.562426 ], [ -74.429823, 41.558459 ], [ -74.426131, 41.556161 ], [ -74.436174, 41.551075 ], [ -74.434847, 41.546389 ], [ -74.438593, 41.547387 ], [ -74.439199, 41.543023 ], [ -74.445431, 41.544012 ], [ -74.444602, 41.537233 ], [ -74.45454, 41.533369 ], [ -74.457148, 41.527502 ], [ -74.465661, 41.523014 ], [ -74.465616, 41.516882 ], [ -74.476092, 41.510399 ], [ -74.475619, 41.503953 ], [ -74.752399, 41.493743 ], [ -74.762105, 41.488508 ], [ -74.759648, 41.481856 ], [ -74.7542, 41.478502 ], [ -74.750412, 41.46433 ], [ -74.75984, 41.46079 ], [ -74.758575, 41.454476 ], [ -74.762466, 41.449525 ], [ -74.756107, 41.433947 ], [ -74.751868, 41.432477 ], [ -74.758587, 41.423287 ], [ -74.772365, 41.426381 ], [ -74.787517, 41.421763 ], [ -74.793856, 41.422671 ], [ -74.801564, 41.438608 ], [ -74.807582, 41.442847 ], [ -74.817995, 41.440505 ], [ -74.830671, 41.430503 ], [ -74.858578, 41.444427 ], [ -74.892625, 41.438617 ], [ -74.896399, 41.442179 ], [ -74.889075, 41.451245 ], [ -74.890358, 41.455324 ], [ -74.906887, 41.461131 ], [ -74.912991, 41.475901 ], [ -74.941798, 41.483542 ], [ -74.95826, 41.476396 ], [ -74.983341, 41.480894 ], [ -74.984372, 41.506611 ], [ -74.987645, 41.508738 ], [ -75.003151, 41.508101 ], [ -75.000911, 41.519292 ], [ -75.00385, 41.524052 ], [ -75.024757, 41.535099 ], [ -75.024798, 41.539801 ], [ -75.016144, 41.544246 ], [ -75.018524, 41.551802 ], [ -75.027343, 41.563541 ], [ -75.04049, 41.569688 ], [ -75.04676, 41.583258 ], [ -75.060012, 41.590813 ], [ -75.074613, 41.605711 ], [ -75.071667, 41.609501 ], [ -75.059725, 41.610801 ], [ -75.060098, 41.617482 ], [ -75.05385, 41.618655 ], [ -75.047298, 41.615791 ], [ -75.044224, 41.617978 ], [ -75.04992, 41.662556 ], [ -75.059332, 41.67232 ], [ -75.051285, 41.679961 ], [ -75.052736, 41.688393 ], [ -75.06883, 41.708161 ], [ -75.06663, 41.712588 ], [ -75.050247, 41.712502 ], [ -75.054131, 41.730105 ] ] ] } },
{ "type": "Feature", "properties": { "fips": "36073", "county": "Orleans", "state": "NY" }, "geometry": { "type": "Polygon", "coordinates": [ [ [ -78.466429, 43.302775 ], [ -78.46432, 43.500055 ], [ -78.468711, 43.633428 ], [ -77.993982, 43.631234 ], [ -77.99729, 43.132981 ], [ -78.465505, 43.128619 ], [ -78.460416, 43.216222 ], [ -78.466429, 43.302775 ] ] ] } },
{ "type": "Feature", "properties": { "fips": "36065", "county": "Oneida", "state": "NY" }, "geometry": { "type": "Polygon", "coordinates": [ [ [ -75.862934, 43.319222 ], [ -75.886756, 43.325021 ], [ -75.814627, 43.483578 ], [ -75.5335, 43.419756 ], [ -75.11016, 43.615229 ], [ -75.076581, 43.330705 ], [ -75.09175, 43.328613 ], [ -75.092922, 43.323147 ], [ -75.099839, 43.325175 ], [ -75.107557, 43.311654 ], [ -75.119206, 43.310508 ], [ -75.120295, 43.304165 ], [ -75.125044, 43.307162 ], [ -75.147995, 43.305159 ], [ -75.147854, 43.289963 ], [ -75.152098, 43.286786 ], [ -75.162564, 43.260091 ], [ -75.16035, 43.255805 ], [ -75.152785, 43.258328 ], [ -75.150974, 43.246903 ], [ -75.143185, 43.255174 ], [ -75.136398, 43.2487 ], [ -75.123923, 43.2465 ], [ -75.122684, 43.241048 ], [ -75.092171, 43.230649 ], [ -75.071492, 43.23448 ], [ -75.073787, 43.229505 ], [ -75.069165, 43.227333 ], [ -75.18553, 43.088445 ], [ -75.181701, 43.087701 ], [ -75.184078, 43.083329 ], [ -75.1779, 43.082543 ], [ -75.182334, 43.075303 ], [ -75.195728, 43.077651 ], [ -75.219106, 43.052469 ], [ -75.201444, 42.880664 ], [ -75.242745, 42.877869 ], [ -75.247963, 42.871604 ], [ -75.437167, 42.863319 ], [ -75.444173, 42.933089 ], [ -75.542803, 42.931774 ], [ -75.552774, 43.037554 ], [ -75.596879, 43.035399 ], [ -75.598254, 43.043766 ], [ -75.607969, 43.053108 ], [ -75.599496, 43.0614 ], [ -75.60438, 43.064937 ], [ -75.616032, 43.066269 ], [ -75.622268, 43.073887 ], [ -75.631067, 43.076851 ], [ -75.636329, 43.075009 ], [ -75.64174, 43.08179 ], [ -75.638778, 43.081966 ], [ -75.641822, 43.090311 ], [ -75.639343, 43.097247 ], [ -75.645969, 43.100972 ], [ -75.64657, 43.106288 ], [ -75.651178, 43.105435 ], [ -75.655782, 43.10962 ], [ -75.653103, 43.114111 ], [ -75.669701, 43.115183 ], [ -75.673783, 43.118253 ], [ -75.672699, 43.121742 ], [ -75.681249, 43.121022 ], [ -75.680476, 43.123482 ], [ -75.685329, 43.124825 ], [ -75.678279, 43.127472 ], [ -75.686548, 43.129444 ], [ -75.687382, 43.13373 ], [ -75.693621, 43.133475 ], [ -75.694603, 43.139627 ], [ -75.706771, 43.137026 ], [ -75.706579, 43.151103 ], [ -75.716061, 43.15059 ], [ -75.714434, 43.152891 ], [ -75.717498, 43.151983 ], [ -75.722595, 43.155835 ], [ -75.720024, 43.161137 ], [ -75.72439, 43.162725 ], [ -75.725472, 43.157126 ], [ -75.727166, 43.162068 ], [ -75.731389, 43.160621 ], [ -75.738396, 43.164766 ], [ -75.749922, 43.157941 ], [ -75.776282, 43.173352 ], [ -75.778513, 43.168052 ], [ -75.78641, 43.166762 ], [ -75.793416, 43.160047 ], [ -75.839993, 43.160513 ], [ -75.853277, 43.156379 ], [ -75.856667, 43.150207 ], [ -75.863135, 43.147027 ], [ -75.868265, 43.146744 ], [ -75.874588, 43.152823 ], [ -75.883529, 43.154948 ], [ -75.862934, 43.319222 ] ] ] } },
{ "type": "Feature", "properties": { "fips": "36009", "county": "Cattaraugus", "state": "NY" }, "geometry": { "type": "Polygon", "coordinates": [ [ [ -79.061265, 41.999259 ], [ -79.060777, 42.537853 ], [ -79.040731, 42.537375 ], [ -79.033098, 42.54328 ], [ -79.013433, 42.534679 ], [ -79.006733, 42.535817 ], [ -78.995326, 42.531796 ], [ -78.986404, 42.519115 ], [ -78.987806, 42.513425 ], [ -78.982775, 42.511559 ], [ -78.986069, 42.50499 ], [ -78.980228, 42.506155 ], [ -78.966565, 42.493699 ], [ -78.961177, 42.494018 ], [ -78.963436, 42.486587 ], [ -78.95703, 42.472362 ], [ -78.950349, 42.468163 ], [ -78.938927, 42.468006 ], [ -78.919255, 42.454048 ], [ -78.920446, 42.442556 ], [ -78.912377, 42.447971 ], [ -78.90551, 42.446221 ], [ -78.900217, 42.449154 ], [ -78.894694, 42.439587 ], [ -78.887508, 42.442268 ], [ -78.883795, 42.437997 ], [ -78.877711, 42.441729 ], [ -78.871055, 42.439499 ], [ -78.867565, 42.442223 ], [ -78.84533, 42.445024 ], [ -78.8381, 42.442811 ], [ -78.832057, 42.448934 ], [ -78.827315, 42.448384 ], [ -78.826354, 42.451763 ], [ -78.821805, 42.450727 ], [ -78.809681, 42.458868 ], [ -78.797127, 42.462655 ], [ -78.781351, 42.455193 ], [ -78.771588, 42.457085 ], [ -78.770663, 42.459801 ], [ -78.77744, 42.461381 ], [ -78.776055, 42.464197 ], [ -78.771108, 42.464923 ], [ -78.764312, 42.461402 ], [ -78.758326, 42.463999 ], [ -78.764503, 42.470385 ], [ -78.751445, 42.468318 ], [ -78.749801, 42.473729 ], [ -78.738137, 42.473307 ], [ -78.738306, 42.480456 ], [ -78.73104, 42.478704 ], [ -78.728828, 42.48254 ], [ -78.718093, 42.483693 ], [ -78.715097, 42.48686 ], [ -78.712368, 42.483571 ], [ -78.70104, 42.48561 ], [ -78.700185, 42.474641 ], [ -78.693285, 42.47183 ], [ -78.691847, 42.476397 ], [ -78.686547, 42.475394 ], [ -78.682777, 42.477936 ], [ -78.681885, 42.483629 ], [ -78.675206, 42.483669 ], [ -78.670243, 42.488717 ], [ -78.667178, 42.487204 ], [ -78.6624, 42.492437 ], [ -78.644446, 42.491067 ], [ -78.638678, 42.498058 ], [ -78.627024, 42.497409 ], [ -78.623169, 42.503899 ], [ -78.611981, 42.502826 ], [ -78.597718, 42.512484 ], [ -78.587347, 42.508994 ], [ -78.581298, 42.514174 ], [ -78.57335, 42.510581 ], [ -78.568652, 42.512772 ], [ -78.563664, 42.508784 ], [ -78.560251, 42.513236 ], [ -78.555692, 42.511071 ], [ -78.547292, 42.515443 ], [ -78.548135, 42.517801 ], [ -78.539333, 42.513921 ], [ -78.531526, 42.521103 ], [ -78.519078, 42.51916 ], [ -78.511796, 42.527744 ], [ -78.507287, 42.526423 ], [ -78.491165, 42.530089 ], [ -78.4883, 42.534882 ], [ -78.469001, 42.533285 ], [ -78.46394, 42.536332 ], [ -78.464556, 42.519166 ], [ -78.308839, 42.521217 ], [ -78.308128, 41.999415 ], [ -78.874759, 41.997559 ], [ -79.061265, 41.999259 ] ] ] } },
{ "type": "Feature", "properties": { "fips": "36123", "county": "Yates", "state": "NY" }, "geometry": { "type": "Polygon", "coordinates": [ [ [ -77.313004, 42.761265 ], [ -76.947429, 42.76443 ], [ -76.944986, 42.737294 ], [ -76.938702, 42.721525 ], [ -76.898694, 42.666639 ], [ -76.895349, 42.656255 ], [ -76.894398, 42.557647 ], [ -76.900841, 42.493812 ], [ -76.889805, 42.463054 ], [ -76.963977, 42.459186 ], [ -76.964456, 42.46425 ], [ -76.987913, 42.463239 ], [ -76.989329, 42.484821 ], [ -77.107203, 42.483771 ], [ -77.107593, 42.50577 ], [ -77.114793, 42.50827 ], [ -77.127279, 42.497259 ], [ -77.143946, 42.494705 ], [ -77.149502, 42.50007 ], [ -77.150095, 42.50787 ], [ -77.146895, 42.53207 ], [ -77.149595, 42.55387 ], [ -77.143795, 42.576869 ], [ -77.366505, 42.576368 ], [ -77.367106, 42.667866 ], [ -77.357405, 42.667967 ], [ -77.354406, 42.697166 ], [ -77.346605, 42.716366 ], [ -77.336705, 42.733966 ], [ -77.313004, 42.761265 ] ] ] } },
{ "type": "Feature", "properties": { "fips": "36107", "county": "Tioga", "state": "NY" }, "geometry": { "type": "Polygon", "coordinates": [ [ [ -76.246966, 42.329103 ], [ -76.237702, 42.351257 ], [ -76.242129, 42.363678 ], [ -76.279555, 42.379991 ], [ -76.298613, 42.381697 ], [ -76.29844, 42.395771 ], [ -76.293168, 42.406572 ], [ -76.130181, 42.410337 ], [ -76.129673, 42.402038 ], [ -76.124521, 42.402013 ], [ -76.120211, 42.380738 ], [ -76.122854, 42.380787 ], [ -76.122439, 42.367187 ], [ -76.114636, 42.367109 ], [ -76.109912, 42.347344 ], [ -76.109286, 42.337325 ], [ -76.116702, 42.33723 ], [ -76.116357, 42.326566 ], [ -76.112427, 42.326523 ], [ -76.112401, 42.318603 ], [ -76.106394, 42.318732 ], [ -76.106254, 42.310346 ], [ -76.101622, 42.310395 ], [ -76.099115, 42.303398 ], [ -76.098759, 42.293653 ], [ -76.106572, 42.29353 ], [ -76.106582, 42.287356 ], [ -76.101226, 42.287288 ], [ -76.100608, 42.278422 ], [ -76.087728, 42.278752 ], [ -76.080681, 42.258084 ], [ -76.096629, 42.25745 ], [ -76.096346, 42.249521 ], [ -76.090908, 42.249636 ], [ -76.084499, 42.230471 ], [ -76.081134, 42.230495 ], [ -76.08256, 42.213066 ], [ -76.086671, 42.212905 ], [ -76.086683, 42.186858 ], [ -76.116225, 42.18561 ], [ -76.108562, 42.101256 ], [ -76.111534, 42.10117 ], [ -76.104829, 42.031568 ], [ -76.10584, 41.998858 ], [ -76.557624, 42.00016 ], [ -76.561303, 42.009503 ], [ -76.541489, 42.051728 ], [ -76.550573, 42.079624 ], [ -76.559409, 42.131251 ], [ -76.554237, 42.131467 ], [ -76.563589, 42.152463 ], [ -76.562732, 42.155912 ], [ -76.536507, 42.155403 ], [ -76.538349, 42.281755 ], [ -76.473962, 42.281132 ], [ -76.474494, 42.263761 ], [ -76.416199, 42.262976 ], [ -76.415305, 42.318368 ], [ -76.350871, 42.318288 ], [ -76.350619, 42.308437 ], [ -76.28822, 42.308227 ], [ -76.288174, 42.296764 ], [ -76.250149, 42.296676 ], [ -76.251363, 42.324894 ], [ -76.246966, 42.329103 ] ] ] } },
{ "type": "Feature", "properties": { "fips": "09001", "county": "Fairfield", "state": "CT" }, "geometry": { "type": "Polygon", "coordinates": [ [ [ -73.550962, 41.295421 ], [ -73.518097, 41.666606 ], [ -73.510379, 41.666498 ], [ -73.498288, 41.658861 ], [ -73.493968, 41.661118 ], [ -73.484686, 41.64743 ], [ -73.49411, 41.644487 ], [ -73.49781, 41.638145 ], [ -73.44593, 41.525254 ], [ -73.441466, 41.491294 ], [ -73.430765, 41.497994 ], [ -73.386964, 41.514794 ], [ -73.384964, 41.510994 ], [ -73.388564, 41.506494 ], [ -73.378964, 41.501894 ], [ -73.375263, 41.489194 ], [ -73.336662, 41.475695 ], [ -73.326774, 41.469515 ], [ -73.312873, 41.467415 ], [ -73.305033, 41.471151 ], [ -73.299593, 41.470111 ], [ -73.29776, 41.448276 ], [ -73.273696, 41.451645 ], [ -73.263678, 41.434532 ], [ -73.257734, 41.433564 ], [ -73.245259, 41.439895 ], [ -73.238411, 41.426253 ], [ -73.226479, 41.430309 ], [ -73.218235, 41.42907 ], [ -73.198157, 41.411896 ], [ -73.186557, 41.408596 ], [ -73.187957, 41.397296 ], [ -73.174154, 41.384175 ], [ -73.157977, 41.382959 ], [ -73.157923, 41.377223 ], [ -73.139555, 41.361196 ], [ -73.136054, 41.351196 ], [ -73.124654, 41.345296 ], [ -73.115754, 41.332196 ], [ -73.079552, 41.311996 ], [ -73.066151, 41.299496 ], [ -73.068751, 41.289196 ], [ -73.083752, 41.281496 ], [ -73.086852, 41.276596 ], [ -73.08735, 41.251792 ], [ -73.109953, 41.229396 ], [ -73.109653, 41.201997 ], [ -73.121352, 41.187496 ], [ -73.122353, 41.179797 ], [ -72.999547, 41.087108 ], [ -73.249557, 41.025866 ], [ -73.612885, 40.950943 ], [ -73.659671, 40.987909 ], [ -73.657228, 40.990914 ], [ -73.660268, 41.000484 ], [ -73.655255, 41.012246 ], [ -73.727775, 41.100696 ], [ -73.482695, 41.212772 ], [ -73.550962, 41.295421 ] ] ] } },
{ "type": "Feature", "properties": { "fips": "36055", "county": "Monroe", "state": "NY" }, "geometry": { "type": "Polygon", "coordinates": [ [ [ -77.99729, 43.132981 ], [ -77.993982, 43.631234 ], [ -77.387995, 43.631543 ], [ -77.376215, 43.345163 ], [ -77.371478, 43.034696 ], [ -77.485418, 43.034564 ], [ -77.482517, 42.943164 ], [ -77.635022, 42.944464 ], [ -77.637522, 42.939964 ], [ -77.759052, 42.940462 ], [ -77.759418, 42.944491 ], [ -77.731181, 42.946901 ], [ -77.734469, 42.954771 ], [ -77.728407, 42.953033 ], [ -77.724586, 42.971293 ], [ -77.717828, 42.973365 ], [ -77.720748, 42.979193 ], [ -77.732457, 42.981341 ], [ -77.730957, 42.988372 ], [ -77.909832, 42.987762 ], [ -77.904121, 43.037056 ], [ -77.951044, 43.039544 ], [ -77.905934, 43.133561 ], [ -77.99729, 43.132981 ] ] ] } },
{ "type": "Feature", "properties": { "fips": "34015", "county": "Gloucester", "state": "NJ" }, "geometry": { "type": "Polygon", "coordinates": [ [ [ -75.345812, 39.844368 ], [ -75.323231, 39.849813 ], [ -75.272202, 39.849076 ], [ -75.246149, 39.853982 ], [ -75.221371, 39.861543 ], [ -75.18877, 39.880832 ], [ -75.147366, 39.883921 ], [ -75.139832, 39.888317 ], [ -75.127483, 39.88148 ], [ -75.132057, 39.87826 ], [ -75.120925, 39.873015 ], [ -75.124402, 39.871787 ], [ -75.118844, 39.862761 ], [ -75.117991, 39.867487 ], [ -75.112862, 39.863617 ], [ -75.113816, 39.85949 ], [ -75.104555, 39.862618 ], [ -75.104974, 39.856822 ], [ -75.094122, 39.851948 ], [ -75.089094, 39.844238 ], [ -75.083402, 39.842369 ], [ -75.087019, 39.838186 ], [ -75.083005, 39.832242 ], [ -75.086813, 39.831289 ], [ -75.082679, 39.827206 ], [ -75.088485, 39.820859 ], [ -75.088723, 39.814205 ], [ -75.085096, 39.813655 ], [ -75.080615, 39.805528 ], [ -75.074398, 39.804019 ], [ -75.076491, 39.798422 ], [ -75.070491, 39.793597 ], [ -75.076738, 39.790056 ], [ -75.081939, 39.79133 ], [ -75.08707, 39.779576 ], [ -75.077986, 39.780864 ], [ -75.074413, 39.773962 ], [ -75.069696, 39.776103 ], [ -75.072003, 39.779785 ], [ -75.063498, 39.785957 ], [ -75.054462, 39.782602 ], [ -75.049331, 39.778592 ], [ -75.044365, 39.762032 ], [ -75.021309, 39.745246 ], [ -75.020108, 39.736533 ], [ -75.024252, 39.730582 ], [ -74.999365, 39.719945 ], [ -74.994386, 39.71602 ], [ -74.993549, 39.710127 ], [ -74.987551, 39.706701 ], [ -74.971803, 39.702239 ], [ -74.959051, 39.703031 ], [ -74.930607, 39.690869 ], [ -74.908883, 39.665351 ], [ -74.910617, 39.652889 ], [ -74.902725, 39.631879 ], [ -74.892438, 39.625003 ], [ -74.892582, 39.618619 ], [ -74.87726, 39.608352 ], [ -74.985271, 39.514967 ], [ -75.199793, 39.666996 ], [ -75.219973, 39.661736 ], [ -75.2475, 39.664491 ], [ -75.253403, 39.679083 ], [ -75.266327, 39.682271 ], [ -75.285957, 39.679566 ], [ -75.302094, 39.688424 ], [ -75.31418, 39.68825 ], [ -75.315016, 39.691396 ], [ -75.326266, 39.689983 ], [ -75.325522, 39.695135 ], [ -75.335169, 39.700163 ], [ -75.336299, 39.704052 ], [ -75.346071, 39.70615 ], [ -75.350189, 39.711221 ], [ -75.35891, 39.712298 ], [ -75.361418, 39.716731 ], [ -75.367239, 39.717565 ], [ -75.367146, 39.722111 ], [ -75.375, 39.725041 ], [ -75.378097, 39.730615 ], [ -75.374102, 39.735374 ], [ -75.376758, 39.744944 ], [ -75.380468, 39.748272 ], [ -75.382637, 39.745809 ], [ -75.385997, 39.747026 ], [ -75.38819, 39.752434 ], [ -75.392534, 39.750416 ], [ -75.395102, 39.754667 ], [ -75.389334, 39.756416 ], [ -75.392749, 39.757975 ], [ -75.389857, 39.760464 ], [ -75.396577, 39.761281 ], [ -75.39782, 39.757473 ], [ -75.399276, 39.761324 ], [ -75.405959, 39.763484 ], [ -75.40445, 39.769513 ], [ -75.400232, 39.767827 ], [ -75.394968, 39.773534 ], [ -75.400394, 39.77297 ], [ -75.402324, 39.782469 ], [ -75.407898, 39.78129 ], [ -75.408837, 39.787791 ], [ -75.41291, 39.785078 ], [ -75.429061, 39.78382 ], [ -75.404274, 39.795567 ], [ -75.415022, 39.802004 ], [ -75.345812, 39.844368 ] ] ] } },
{ "type": "Feature", "properties": { "fips": "36095", "county": "Schoharie", "state": "NY" }, "geometry": { "type": "Polygon", "coordinates": [ [ [ -74.630652, 42.62677 ], [ -74.667512, 42.75071 ], [ -74.665383, 42.791873 ], [ -74.648298, 42.829558 ], [ -74.562477, 42.812916 ], [ -74.454911, 42.772979 ], [ -74.324717, 42.783428 ], [ -74.289446, 42.783805 ], [ -74.263314, 42.796534 ], [ -74.254442, 42.795297 ], [ -74.247734, 42.785474 ], [ -74.2547, 42.774709 ], [ -74.251549, 42.765649 ], [ -74.258797, 42.757135 ], [ -74.289834, 42.756345 ], [ -74.30655, 42.750642 ], [ -74.27784, 42.719472 ], [ -74.270768, 42.719542 ], [ -74.272295, 42.71427 ], [ -74.241014, 42.716857 ], [ -74.239846, 42.718924 ], [ -74.202713, 42.710826 ], [ -74.184235, 42.7125 ], [ -74.180274, 42.729979 ], [ -74.164678, 42.717207 ], [ -74.17348, 42.657065 ], [ -74.192569, 42.627069 ], [ -74.193495, 42.618999 ], [ -74.215166, 42.597435 ], [ -74.220274, 42.585412 ], [ -74.233995, 42.575688 ], [ -74.241572, 42.550802 ], [ -74.225639, 42.526403 ], [ -74.226447, 42.499233 ], [ -74.244457, 42.470265 ], [ -74.264863, 42.419863 ], [ -74.263469, 42.407127 ], [ -74.254303, 42.408207 ], [ -74.244692, 42.377159 ], [ -74.259186, 42.379117 ], [ -74.276645, 42.363349 ], [ -74.299468, 42.362575 ], [ -74.312582, 42.35709 ], [ -74.320965, 42.360661 ], [ -74.346087, 42.355691 ], [ -74.35717, 42.364656 ], [ -74.379051, 42.373873 ], [ -74.443506, 42.355017 ], [ -74.618895, 42.424389 ], [ -74.71158, 42.517799 ], [ -74.672018, 42.564836 ], [ -74.630652, 42.62677 ] ] ] } },
{ "type": "Feature", "properties": { "fips": "36007", "county": "Broome", "state": "NY" }, "geometry": { "type": "Polygon", "coordinates": [ [ [ -76.021374, 42.409008 ], [ -75.86402, 42.415702 ], [ -75.852063, 42.345331 ], [ -75.843792, 42.259707 ], [ -75.83631, 42.244091 ], [ -75.819382, 42.249003 ], [ -75.638299, 42.248686 ], [ -75.63711, 42.195628 ], [ -75.418421, 42.195032 ], [ -75.421766, 42.041603 ], [ -75.410033, 42.029827 ], [ -75.403174, 42.012108 ], [ -75.396561, 42.006605 ], [ -75.37922, 42.002192 ], [ -75.364225, 42.008168 ], [ -75.359579, 41.999445 ], [ -75.761136, 41.99779 ], [ -76.10584, 41.998858 ], [ -76.104829, 42.031568 ], [ -76.111534, 42.10117 ], [ -76.108562, 42.101256 ], [ -76.116225, 42.18561 ], [ -76.086683, 42.186858 ], [ -76.086671, 42.212905 ], [ -76.08256, 42.213066 ], [ -76.081134, 42.230495 ], [ -76.084499, 42.230471 ], [ -76.090908, 42.249636 ], [ -76.096346, 42.249521 ], [ -76.096629, 42.25745 ], [ -76.080681, 42.258084 ], [ -76.087728, 42.278752 ], [ -76.100608, 42.278422 ], [ -76.101226, 42.287288 ], [ -76.106582, 42.287356 ], [ -76.106572, 42.29353 ], [ -76.098759, 42.293653 ], [ -76.099115, 42.303398 ], [ -76.101622, 42.310395 ], [ -76.106254, 42.310346 ], [ -76.106394, 42.318732 ], [ -76.112401, 42.318603 ], [ -76.112427, 42.326523 ], [ -76.116357, 42.326566 ], [ -76.116702, 42.33723 ], [ -76.109286, 42.337325 ], [ -76.109912, 42.347344 ], [ -76.114636, 42.367109 ], [ -76.122439, 42.367187 ], [ -76.122854, 42.380787 ], [ -76.120211, 42.380738 ], [ -76.124521, 42.402013 ], [ -76.129673, 42.402038 ], [ -76.130181, 42.410337 ], [ -76.022236, 42.412761 ], [ -76.021374, 42.409008 ] ] ] } },
{ "type": "Feature", "properties": { "fips": "34011", "county": "Cumberland", "state": "NJ" }, "geometry": { "type": "Polygon", "coordinates": [ [ [ -75.411189, 39.420423 ], [ -75.411984, 39.423501 ], [ -75.408174, 39.424279 ], [ -75.410106, 39.43017 ], [ -75.415031, 39.42872 ], [ -75.418821, 39.432301 ], [ -75.41198, 39.433408 ], [ -75.40964, 39.436716 ], [ -75.416743, 39.439114 ], [ -75.409212, 39.443057 ], [ -75.410484, 39.450437 ], [ -75.414691, 39.452259 ], [ -75.40861, 39.458098 ], [ -75.39983, 39.462271 ], [ -75.386563, 39.457837 ], [ -75.37952, 39.458546 ], [ -75.374362, 39.455134 ], [ -75.368213, 39.456479 ], [ -75.361796, 39.466073 ], [ -75.351223, 39.471817 ], [ -75.34998, 39.479764 ], [ -75.342376, 39.490622 ], [ -75.326393, 39.488444 ], [ -75.31802, 39.49204 ], [ -75.238434, 39.559039 ], [ -75.083339, 39.45753 ], [ -75.08029, 39.460481 ], [ -75.080634, 39.471788 ], [ -75.073179, 39.485314 ], [ -75.079769, 39.501178 ], [ -75.071108, 39.531507 ], [ -75.074478, 39.544511 ], [ -75.061854, 39.568746 ], [ -74.855978, 39.424238 ], [ -74.852614, 39.412313 ], [ -74.858212, 39.395514 ], [ -74.8518, 39.37879 ], [ -74.859846, 39.361854 ], [ -74.864932, 39.338794 ], [ -74.861294, 39.323815 ], [ -74.864608, 39.324373 ], [ -74.873742, 39.312601 ], [ -74.882146, 39.30839 ], [ -74.896384, 39.235054 ], [ -74.921784, 39.224905 ], [ -74.925736, 39.218904 ], [ -74.923691, 39.21033 ], [ -74.926383, 39.209133 ], [ -74.922247, 39.204682 ], [ -74.925413, 39.2034 ], [ -74.926054, 39.196889 ], [ -74.918529, 39.195084 ], [ -74.922542, 39.188839 ], [ -74.913723, 39.188256 ], [ -74.915769, 39.184596 ], [ -74.912237, 39.17841 ], [ -75.168462, 39.056179 ], [ -75.191671, 39.079 ], [ -75.321021, 39.251379 ], [ -75.444751, 39.355089 ], [ -75.406685, 39.380295 ], [ -75.408911, 39.387562 ], [ -75.41282, 39.384359 ], [ -75.416953, 39.387498 ], [ -75.414797, 39.390786 ], [ -75.417999, 39.394316 ], [ -75.407166, 39.396618 ], [ -75.41124, 39.400755 ], [ -75.405354, 39.407636 ], [ -75.410847, 39.40868 ], [ -75.413691, 39.404529 ], [ -75.419407, 39.411212 ], [ -75.418797, 39.415119 ], [ -75.414776, 39.415501 ], [ -75.414755, 39.419502 ], [ -75.411189, 39.420423 ] ] ] } },
{ "type": "Feature", "properties": { "fips": "36083", "county": "Rensselaer", "state": "NY" }, "geometry": { "type": "Polygon", "coordinates": [ [ [ -73.450593, 42.944581 ], [ -73.449269, 42.951217 ], [ -73.430623, 42.95865 ], [ -73.421228, 42.954934 ], [ -73.408213, 42.956932 ], [ -73.403225, 42.951242 ], [ -73.393472, 42.95309 ], [ -73.388899, 42.948237 ], [ -73.379661, 42.947795 ], [ -73.380235, 42.943739 ], [ -73.274294, 42.943652 ], [ -73.278673, 42.83341 ], [ -73.285388, 42.834093 ], [ -73.287063, 42.82014 ], [ -73.283695, 42.813856 ], [ -73.290944, 42.80192 ], [ -73.276421, 42.746019 ], [ -73.264827, 42.745851 ], [ -73.352429, 42.510017 ], [ -73.783721, 42.464231 ], [ -73.785548, 42.487209 ], [ -73.761332, 42.525832 ], [ -73.752165, 42.56658 ], [ -73.761265, 42.610379 ], [ -73.741764, 42.654379 ], [ -73.729127, 42.665052 ], [ -73.702463, 42.699978 ], [ -73.703563, 42.709478 ], [ -73.697244, 42.728818 ], [ -73.688962, 42.738278 ], [ -73.683762, 42.766677 ], [ -73.672562, 42.795377 ], [ -73.662262, 42.801977 ], [ -73.658462, 42.809077 ], [ -73.675904, 42.858575 ], [ -73.673238, 42.875344 ], [ -73.684472, 42.891677 ], [ -73.678874, 42.912293 ], [ -73.659675, 42.933364 ], [ -73.635463, 42.94129 ], [ -73.450593, 42.944581 ] ] ] } },
{ "type": "Feature", "properties": { "fips": "09005", "county": "Litchfield", "state": "CT" }, "geometry": { "type": "Polygon", "coordinates": [ [ [ -73.51808, 41.666723 ], [ -73.487319, 42.049525 ], [ -73.428515, 42.050476 ], [ -73.008766, 42.038785 ], [ -73.029537, 41.966606 ], [ -72.88706, 41.973121 ], [ -72.915346, 41.896797 ], [ -72.940647, 41.895196 ], [ -72.953849, 41.848453 ], [ -72.951772, 41.842852 ], [ -72.942245, 41.843445 ], [ -72.936348, 41.839798 ], [ -72.949024, 41.806431 ], [ -73.016936, 41.798183 ], [ -72.98325, 41.639598 ], [ -73.004046, 41.628577 ], [ -73.021471, 41.627104 ], [ -73.01865, 41.614097 ], [ -73.036156, 41.615197 ], [ -73.059469, 41.606179 ], [ -73.05801, 41.588647 ], [ -73.082955, 41.585616 ], [ -73.092353, 41.570496 ], [ -73.145155, 41.557796 ], [ -73.164676, 41.557088 ], [ -73.155492, 41.514304 ], [ -73.204197, 41.508527 ], [ -73.242765, 41.512985 ], [ -73.319385, 41.505138 ], [ -73.326794, 41.493039 ], [ -73.327114, 41.484527 ], [ -73.310473, 41.468815 ], [ -73.312873, 41.467415 ], [ -73.326774, 41.469515 ], [ -73.336662, 41.475695 ], [ -73.375263, 41.489194 ], [ -73.378964, 41.501894 ], [ -73.388564, 41.506494 ], [ -73.384964, 41.510994 ], [ -73.386964, 41.514794 ], [ -73.430765, 41.497994 ], [ -73.441466, 41.491294 ], [ -73.44593, 41.525254 ], [ -73.49781, 41.638145 ], [ -73.49411, 41.644487 ], [ -73.484686, 41.64743 ], [ -73.493968, 41.661118 ], [ -73.498288, 41.658861 ], [ -73.507021, 41.665857 ], [ -73.51808, 41.666723 ] ] ] } },
{ "type": "Feature", "properties": { "fips": "34027", "county": "Morris", "state": "NJ" }, "geometry": { "type": "Polygon", "coordinates": [ [ [ -74.652584, 40.921916 ], [ -74.651405, 40.930798 ], [ -74.641581, 40.933647 ], [ -74.63524, 40.945004 ], [ -74.634913, 40.951144 ], [ -74.64134, 40.960835 ], [ -74.638993, 40.967267 ], [ -74.502919, 41.085918 ], [ -74.486835, 41.076445 ], [ -74.487424, 41.065877 ], [ -74.496605, 41.059787 ], [ -74.501692, 41.042098 ], [ -74.497674, 41.034135 ], [ -74.475999, 41.047858 ], [ -74.446863, 41.054415 ], [ -74.440279, 41.043559 ], [ -74.427268, 41.03599 ], [ -74.43504, 41.020021 ], [ -74.428153, 41.020673 ], [ -74.423686, 41.027615 ], [ -74.418876, 41.028729 ], [ -74.406204, 41.024176 ], [ -74.39991, 41.017372 ], [ -74.391269, 41.015954 ], [ -74.387291, 41.011693 ], [ -74.379808, 41.014261 ], [ -74.364197, 41.010936 ], [ -74.362128, 41.013833 ], [ -74.355474, 41.013911 ], [ -74.350189, 41.003975 ], [ -74.336649, 41.007604 ], [ -74.328223, 41.00116 ], [ -74.315492, 41.002377 ], [ -74.309494, 40.998409 ], [ -74.301434, 40.999245 ], [ -74.299175, 41.003055 ], [ -74.292833, 40.987955 ], [ -74.297669, 40.979912 ], [ -74.281688, 40.979961 ], [ -74.277508, 40.97355 ], [ -74.282421, 40.970026 ], [ -74.277219, 40.954765 ], [ -74.279631, 40.942464 ], [ -74.289311, 40.928335 ], [ -74.28424, 40.917179 ], [ -74.27916, 40.918323 ], [ -74.278857, 40.91586 ], [ -74.271514, 40.915357 ], [ -74.266691, 40.907726 ], [ -74.271845, 40.909793 ], [ -74.272063, 40.897427 ], [ -74.280075, 40.89795 ], [ -74.283444, 40.894906 ], [ -74.287267, 40.898537 ], [ -74.281765, 40.900843 ], [ -74.290979, 40.899639 ], [ -74.292645, 40.905856 ], [ -74.30298, 40.904352 ], [ -74.303247, 40.907236 ], [ -74.318546, 40.903229 ], [ -74.318619, 40.907688 ], [ -74.323831, 40.90889 ], [ -74.327845, 40.907729 ], [ -74.32499, 40.905879 ], [ -74.330327, 40.908685 ], [ -74.334427, 40.905406 ], [ -74.337617, 40.898828 ], [ -74.333961, 40.896505 ], [ -74.338629, 40.895287 ], [ -74.335681, 40.892983 ], [ -74.339868, 40.889106 ], [ -74.340374, 40.879722 ], [ -74.335228, 40.877492 ], [ -74.33797, 40.875393 ], [ -74.334463, 40.873387 ], [ -74.337533, 40.867892 ], [ -74.332726, 40.869184 ], [ -74.317419, 40.864247 ], [ -74.320878, 40.862154 ], [ -74.319125, 40.858583 ], [ -74.325126, 40.857728 ], [ -74.33016, 40.848925 ], [ -74.325523, 40.843457 ], [ -74.329465, 40.841576 ], [ -74.329128, 40.831088 ], [ -74.334904, 40.82781 ], [ -74.332306, 40.821466 ], [ -74.335112, 40.817059 ], [ -74.338867, 40.812816 ], [ -74.349313, 40.81247 ], [ -74.350898, 40.806798 ], [ -74.364173, 40.799042 ], [ -74.367062, 40.793286 ], [ -74.366859, 40.780387 ], [ -74.372955, 40.775578 ], [ -74.369549, 40.771392 ], [ -74.370706, 40.764122 ], [ -74.377366, 40.761306 ], [ -74.374575, 40.757995 ], [ -74.367145, 40.761112 ], [ -74.367839, 40.758101 ], [ -74.35754, 40.754628 ], [ -74.359581, 40.751001 ], [ -74.36762, 40.749116 ], [ -74.366561, 40.743638 ], [ -74.37204, 40.743731 ], [ -74.371127, 40.73458 ], [ -74.379731, 40.733983 ], [ -74.377474, 40.730019 ], [ -74.384387, 40.724414 ], [ -74.390626, 40.725641 ], [ -74.390991, 40.718197 ], [ -74.402323, 40.717984 ], [ -74.4086, 40.710003 ], [ -74.426814, 40.701845 ], [ -74.430897, 40.693336 ], [ -74.451593, 40.685703 ], [ -74.454132, 40.674114 ], [ -74.460043, 40.67415 ], [ -74.469262, 40.668004 ], [ -74.473768, 40.669308 ], [ -74.476412, 40.666471 ], [ -74.484289, 40.666065 ], [ -74.48538, 40.662437 ], [ -74.490209, 40.663587 ], [ -74.503639, 40.659656 ], [ -74.512437, 40.649549 ], [ -74.523633, 40.649422 ], [ -74.525574, 40.660743 ], [ -74.534372, 40.667186 ], [ -74.525718, 40.670487 ], [ -74.527879, 40.684344 ], [ -74.524049, 40.689526 ], [ -74.516762, 40.68925 ], [ -74.51903, 40.693301 ], [ -74.514298, 40.694417 ], [ -74.513875, 40.701097 ], [ -74.526198, 40.709441 ], [ -74.524109, 40.715618 ], [ -74.531228, 40.719683 ], [ -74.530893, 40.729854 ], [ -74.543504, 40.734569 ], [ -74.54935, 40.733853 ], [ -74.548711, 40.746119 ], [ -74.556018, 40.758288 ], [ -74.725494, 40.719567 ], [ -74.732704, 40.720082 ], [ -74.7529, 40.731129 ], [ -74.770989, 40.736048 ], [ -74.797973, 40.742186 ], [ -74.823631, 40.74221 ], [ -74.889819, 40.787729 ], [ -74.869271, 40.795103 ], [ -74.864387, 40.803163 ], [ -74.85999, 40.80102 ], [ -74.850513, 40.803956 ], [ -74.846825, 40.810843 ], [ -74.842538, 40.811583 ], [ -74.830187, 40.824757 ], [ -74.831343, 40.828848 ], [ -74.81861, 40.836485 ], [ -74.823825, 40.843791 ], [ -74.821579, 40.849184 ], [ -74.812779, 40.852169 ], [ -74.809352, 40.860126 ], [ -74.801942, 40.863898 ], [ -74.808295, 40.869486 ], [ -74.807368, 40.881715 ], [ -74.792117, 40.890043 ], [ -74.79051, 40.89621 ], [ -74.779094, 40.906348 ], [ -74.776193, 40.905266 ], [ -74.766551, 40.912628 ], [ -74.754633, 40.913947 ], [ -74.747734, 40.91996 ], [ -74.731928, 40.920852 ], [ -74.713224, 40.908273 ], [ -74.714257, 40.90128 ], [ -74.711383, 40.899169 ], [ -74.696875, 40.907423 ], [ -74.675191, 40.911011 ], [ -74.652584, 40.921916 ] ] ] } },
{ "type": "Feature", "properties": { "fips": "36099", "county": "Seneca", "state": "NY" }, "geometry": { "type": "Polygon", "coordinates": [ [ [ -76.963365, 42.872945 ], [ -76.963926, 43.013157 ], [ -76.713806, 43.024035 ], [ -76.711202, 43.018042 ], [ -76.721657, 43.007859 ], [ -76.720654, 42.995426 ], [ -76.728814, 42.987764 ], [ -76.727623, 42.978144 ], [ -76.73674, 42.970286 ], [ -76.739361, 42.954473 ], [ -76.734285, 42.94481 ], [ -76.73918, 42.916835 ], [ -76.73746, 42.902106 ], [ -76.721246, 42.869579 ], [ -76.717185, 42.83883 ], [ -76.719514, 42.825446 ], [ -76.74006, 42.789419 ], [ -76.731636, 42.72074 ], [ -76.7234, 42.704122 ], [ -76.687899, 42.674784 ], [ -76.663556, 42.617149 ], [ -76.650231, 42.597379 ], [ -76.618239, 42.566652 ], [ -76.585989, 42.54991 ], [ -76.895596, 42.541537 ], [ -76.897117, 42.66365 ], [ -76.937509, 42.719135 ], [ -76.944986, 42.737294 ], [ -76.947429, 42.76443 ], [ -76.971392, 42.764223 ], [ -76.978085, 42.774009 ], [ -76.974135, 42.812088 ], [ -76.978318, 42.829042 ], [ -76.972911, 42.837142 ], [ -76.981334, 42.861313 ], [ -76.978526, 42.869072 ], [ -76.963365, 42.872945 ] ] ] } },
{ "type": "Feature", "properties": { "fips": "34013", "county": "Essex", "state": "NJ" }, "geometry": { "type": "Polygon", "coordinates": [ [ [ -74.32893, 40.831427 ], [ -74.325524, 40.843618 ], [ -74.33016, 40.848925 ], [ -74.325126, 40.857728 ], [ -74.319125, 40.858583 ], [ -74.320878, 40.862154 ], [ -74.317394, 40.864644 ], [ -74.325332, 40.864871 ], [ -74.332771, 40.869191 ], [ -74.33722, 40.867162 ], [ -74.337658, 40.872188 ], [ -74.334463, 40.873387 ], [ -74.33797, 40.875393 ], [ -74.335228, 40.877492 ], [ -74.340374, 40.879722 ], [ -74.339868, 40.889106 ], [ -74.335681, 40.892983 ], [ -74.338629, 40.895287 ], [ -74.333946, 40.896722 ], [ -74.337561, 40.89901 ], [ -74.330458, 40.90867 ], [ -74.327726, 40.905354 ], [ -74.32481, 40.906013 ], [ -74.326114, 40.908605 ], [ -74.31909, 40.908051 ], [ -74.318546, 40.903229 ], [ -74.303247, 40.907236 ], [ -74.30298, 40.904352 ], [ -74.292154, 40.905668 ], [ -74.290979, 40.899639 ], [ -74.282118, 40.901116 ], [ -74.287267, 40.898537 ], [ -74.283814, 40.898019 ], [ -74.284203, 40.894958 ], [ -74.279778, 40.897993 ], [ -74.26858, 40.896031 ], [ -74.259813, 40.883769 ], [ -74.24029, 40.880436 ], [ -74.202002, 40.859352 ], [ -74.196999, 40.859464 ], [ -74.198311, 40.857289 ], [ -74.130259, 40.820185 ], [ -74.137005, 40.817337 ], [ -74.138202, 40.798492 ], [ -74.163388, 40.759401 ], [ -74.166087, 40.747402 ], [ -74.162093, 40.736109 ], [ -74.155687, 40.733501 ], [ -74.147188, 40.734401 ], [ -74.137492, 40.741398 ], [ -74.122786, 40.742101 ], [ -74.117605, 40.739638 ], [ -74.121387, 40.721001 ], [ -74.112787, 40.703102 ], [ -74.136557, 40.674368 ], [ -74.16505, 40.690161 ], [ -74.201547, 40.686672 ], [ -74.209248, 40.690709 ], [ -74.213008, 40.700908 ], [ -74.221949, 40.707341 ], [ -74.255845, 40.713369 ], [ -74.285525, 40.722262 ], [ -74.292541, 40.720929 ], [ -74.303523, 40.713188 ], [ -74.316342, 40.719284 ], [ -74.325596, 40.717075 ], [ -74.35634, 40.73501 ], [ -74.371738, 40.73964 ], [ -74.37204, 40.743731 ], [ -74.368718, 40.742792 ], [ -74.364905, 40.746021 ], [ -74.36762, 40.749116 ], [ -74.359581, 40.751001 ], [ -74.35754, 40.754628 ], [ -74.367839, 40.758101 ], [ -74.367145, 40.761112 ], [ -74.374575, 40.757995 ], [ -74.377366, 40.761306 ], [ -74.370706, 40.764122 ], [ -74.369549, 40.771392 ], [ -74.372955, 40.775578 ], [ -74.366859, 40.780387 ], [ -74.367062, 40.793286 ], [ -74.364173, 40.799042 ], [ -74.350898, 40.806798 ], [ -74.348958, 40.812728 ], [ -74.337921, 40.813538 ], [ -74.332306, 40.821466 ], [ -74.334904, 40.82781 ], [ -74.32893, 40.831427 ] ] ] } },
{ "type": "Feature", "properties": { "fips": "36081", "county": "Queens", "state": "NY" }, "geometry": { "type": "Polygon", "coordinates": [ [ [ -74.042112, 40.509299 ], [ -74.036293, 40.551042 ], [ -73.879222, 40.574656 ], [ -73.849852, 40.588669 ], [ -73.834463, 40.607193 ], [ -73.833041, 40.628261 ], [ -73.848338, 40.643521 ], [ -73.854938, 40.64265 ], [ -73.863171, 40.658277 ], [ -73.855685, 40.663867 ], [ -73.857633, 40.671656 ], [ -73.860389, 40.671269 ], [ -73.866027, 40.681918 ], [ -73.868917, 40.69515 ], [ -73.896518, 40.682397 ], [ -73.90426, 40.6957 ], [ -73.921892, 40.709396 ], [ -73.929086, 40.727714 ], [ -73.937525, 40.729815 ], [ -73.946832, 40.737437 ], [ -73.955087, 40.7394 ], [ -73.962478, 40.736802 ], [ -73.962435, 40.739672 ], [ -73.943503, 40.764499 ], [ -73.935323, 40.770485 ], [ -73.93638, 40.776921 ], [ -73.928605, 40.776593 ], [ -73.910296, 40.790657 ], [ -73.912456, 40.796096 ], [ -73.8908, 40.790208 ], [ -73.888307, 40.787006 ], [ -73.87351, 40.785721 ], [ -73.862965, 40.79767 ], [ -73.817418, 40.80579 ], [ -73.787918, 40.800362 ], [ -73.778958, 40.811713 ], [ -73.750295, 40.782478 ], [ -73.701633, 40.752493 ], [ -73.700009, 40.739323 ], [ -73.707647, 40.727796 ], [ -73.730326, 40.722157 ], [ -73.726896, 40.709976 ], [ -73.728331, 40.663044 ], [ -73.725052, 40.652341 ], [ -73.741437, 40.646889 ], [ -73.73996, 40.635144 ], [ -73.743295, 40.638048 ], [ -73.768784, 40.624289 ], [ -73.766719, 40.615004 ], [ -73.760021, 40.611349 ], [ -73.745761, 40.611992 ], [ -73.738151, 40.60271 ], [ -73.737185, 40.592965 ], [ -73.744469, 40.592904 ], [ -73.755502, 40.585387 ], [ -73.758256, 40.555364 ], [ -73.768781, 40.533747 ], [ -73.826158, 40.522874 ], [ -73.876778, 40.501127 ], [ -73.886652, 40.489794 ], [ -73.949912, 40.52554 ], [ -74.042112, 40.509299 ] ] ] } },
{ "type": "Feature", "properties": { "fips": "36037", "county": "Genesee", "state": "NY" }, "geometry": { "type": "Polygon", "coordinates": [ [ [ -78.464381, 42.867461 ], [ -78.465505, 43.128619 ], [ -77.905934, 43.133561 ], [ -77.951044, 43.039544 ], [ -77.904121, 43.037056 ], [ -77.909414, 43.00252 ], [ -77.911413, 42.945064 ], [ -77.934234, 42.94558 ], [ -77.93523, 42.905261 ], [ -77.95553, 42.905861 ], [ -77.954964, 42.862754 ], [ -78.000588, 42.865048 ], [ -78.074161, 42.863743 ], [ -78.074171, 42.870188 ], [ -78.464381, 42.867461 ] ] ] } },
{ "type": "Feature", "properties": { "fips": "36117", "county": "Wayne", "state": "NY" }, "geometry": { "type": "Polygon", "coordinates": [ [ [ -77.371478, 43.034696 ], [ -77.376215, 43.345163 ], [ -77.387995, 43.631543 ], [ -76.776233, 43.629529 ], [ -76.753538, 43.684275 ], [ -76.714664, 43.265767 ], [ -76.702325, 43.080393 ], [ -76.705885, 43.070784 ], [ -76.717789, 43.062634 ], [ -76.719106, 43.037139 ], [ -76.713806, 43.024035 ], [ -76.963926, 43.013157 ], [ -77.133397, 43.012463 ], [ -77.134335, 43.039926 ], [ -77.246604, 43.039763 ], [ -77.246804, 43.034663 ], [ -77.371478, 43.034696 ] ] ] } },
{ "type": "Feature", "properties": { "fips": "36063", "county": "Niagara", "state": "NY" }, "geometry": { "type": "Polygon", "coordinates": [ [ [ -79.070452, 43.262455 ], [ -79.200936, 43.450422 ], [ -78.749761, 43.609258 ], [ -78.688295, 43.634742 ], [ -78.468711, 43.633428 ], [ -78.46432, 43.500055 ], [ -78.466429, 43.302775 ], [ -78.460416, 43.216222 ], [ -78.465808, 43.13826 ], [ -78.464449, 43.088703 ], [ -78.46962, 43.082855 ], [ -78.47464, 43.082788 ], [ -78.475647, 43.08633 ], [ -78.481621, 43.083778 ], [ -78.484779, 43.086174 ], [ -78.488945, 43.08271 ], [ -78.497849, 43.082033 ], [ -78.496971, 43.086559 ], [ -78.5028, 43.086575 ], [ -78.500724, 43.089062 ], [ -78.506138, 43.089728 ], [ -78.503661, 43.093111 ], [ -78.509109, 43.0933 ], [ -78.509926, 43.098064 ], [ -78.51519, 43.094688 ], [ -78.514236, 43.090237 ], [ -78.526726, 43.08754 ], [ -78.528, 43.090572 ], [ -78.536133, 43.085491 ], [ -78.540254, 43.085892 ], [ -78.541687, 43.091137 ], [ -78.54276, 43.088741 ], [ -78.546822, 43.090065 ], [ -78.546486, 43.093231 ], [ -78.541107, 43.093653 ], [ -78.545296, 43.098591 ], [ -78.550721, 43.092907 ], [ -78.560448, 43.089901 ], [ -78.55481, 43.09507 ], [ -78.559998, 43.097336 ], [ -78.564964, 43.088367 ], [ -78.57637, 43.088669 ], [ -78.572372, 43.08205 ], [ -78.574989, 43.079906 ], [ -78.578239, 43.087921 ], [ -78.582497, 43.088654 ], [ -78.585136, 43.08519 ], [ -78.580231, 43.080444 ], [ -78.582656, 43.07515 ], [ -78.586708, 43.072975 ], [ -78.591064, 43.076122 ], [ -78.594696, 43.069424 ], [ -78.595261, 43.072453 ], [ -78.606762, 43.072836 ], [ -78.601831, 43.076636 ], [ -78.612267, 43.077892 ], [ -78.616074, 43.0742 ], [ -78.617149, 43.078342 ], [ -78.612511, 43.083645 ], [ -78.619072, 43.087482 ], [ -78.626671, 43.08511 ], [ -78.632683, 43.090961 ], [ -78.630301, 43.093894 ], [ -78.636459, 43.093334 ], [ -78.641104, 43.097416 ], [ -78.64109, 43.089077 ], [ -78.647008, 43.089817 ], [ -78.648995, 43.087287 ], [ -78.647514, 43.080639 ], [ -78.664169, 43.08643 ], [ -78.679512, 43.084759 ], [ -78.682793, 43.080269 ], [ -78.691177, 43.08868 ], [ -78.707321, 43.086948 ], [ -78.709488, 43.082581 ], [ -78.719048, 43.081055 ], [ -78.727982, 43.086174 ], [ -78.735168, 43.083031 ], [ -78.744931, 43.069921 ], [ -78.768292, 43.070139 ], [ -78.77858, 43.065415 ], [ -78.800759, 43.066272 ], [ -78.806817, 43.062297 ], [ -78.806821, 43.053626 ], [ -78.830415, 43.050793 ], [ -78.832119, 43.046947 ], [ -78.825366, 43.033656 ], [ -78.841745, 43.018863 ], [ -78.8611, 43.022866 ], [ -78.87625, 43.021558 ], [ -78.881974, 43.024155 ], [ -78.890159, 43.021956 ], [ -78.89626, 43.044156 ], [ -78.91152, 43.05474 ], [ -78.945262, 43.066956 ], [ -79.019228, 43.067958 ], [ -79.074459, 43.077863 ], [ -79.075367, 43.081355 ], [ -79.065961, 43.091052 ], [ -79.057961, 43.106957 ], [ -79.0602, 43.113604 ], [ -79.069556, 43.120255 ], [ -79.056767, 43.126855 ], [ -79.044057, 43.138049 ], [ -79.042357, 43.143654 ], [ -79.052925, 43.17346 ], [ -79.048658, 43.199655 ], [ -79.057058, 43.210654 ], [ -79.052858, 43.222055 ], [ -79.05606, 43.254156 ], [ -79.070452, 43.262455 ] ] ] } },
{ "type": "Feature", "properties": { "fips": "34003", "county": "Bergen", "state": "NJ" }, "geometry": { "type": "Polygon", "coordinates": [ [ [ -74.248532, 40.992094 ], [ -74.272226, 41.017935 ], [ -74.211224, 41.133714 ], [ -73.902715, 40.997327 ], [ -73.893979, 40.997205 ], [ -73.896479, 40.981701 ], [ -73.929821, 40.888682 ], [ -73.963182, 40.8269 ], [ -73.984794, 40.797687 ], [ -73.99331, 40.801286 ], [ -73.993161, 40.805759 ], [ -74.012352, 40.815977 ], [ -74.011376, 40.820838 ], [ -74.017292, 40.823538 ], [ -74.024044, 40.814742 ], [ -74.027734, 40.815958 ], [ -74.035823, 40.808103 ], [ -74.060026, 40.805988 ], [ -74.076753, 40.795621 ], [ -74.089976, 40.778176 ], [ -74.087775, 40.765422 ], [ -74.09027, 40.76159 ], [ -74.095936, 40.762943 ], [ -74.101003, 40.776039 ], [ -74.1097, 40.777789 ], [ -74.117879, 40.771918 ], [ -74.12719, 40.771342 ], [ -74.13045, 40.777637 ], [ -74.147529, 40.786491 ], [ -74.138202, 40.798492 ], [ -74.137005, 40.817337 ], [ -74.126436, 40.820783 ], [ -74.122611, 40.825042 ], [ -74.121114, 40.857897 ], [ -74.114472, 40.859898 ], [ -74.110263, 40.855171 ], [ -74.106786, 40.859299 ], [ -74.115663, 40.875002 ], [ -74.130315, 40.885486 ], [ -74.128456, 40.894277 ], [ -74.133479, 40.898472 ], [ -74.133501, 40.912164 ], [ -74.129408, 40.920213 ], [ -74.140403, 40.924201 ], [ -74.139984, 40.935031 ], [ -74.148163, 40.942074 ], [ -74.141048, 40.966348 ], [ -74.170275, 40.983904 ], [ -74.171141, 40.977066 ], [ -74.224533, 40.981303 ], [ -74.248532, 40.992094 ] ] ] } },
{ "type": "Feature", "properties": { "fips": "36047", "county": "Kings", "state": "NY" }, "geometry": { "type": "Polygon", "coordinates": [ [ [ -74.056468, 40.631715 ], [ -74.055739, 40.65176 ], [ -74.034573, 40.684866 ], [ -74.019347, 40.679548 ], [ -74.00096, 40.690132 ], [ -73.992722, 40.705544 ], [ -73.980987, 40.705374 ], [ -73.972789, 40.709378 ], [ -73.969613, 40.707634 ], [ -73.961543, 40.723876 ], [ -73.962629, 40.736545 ], [ -73.953907, 40.739421 ], [ -73.927801, 40.726494 ], [ -73.921892, 40.709396 ], [ -73.90426, 40.6957 ], [ -73.896518, 40.682397 ], [ -73.868917, 40.69515 ], [ -73.866027, 40.681918 ], [ -73.860389, 40.671269 ], [ -73.857633, 40.671656 ], [ -73.855685, 40.663867 ], [ -73.863171, 40.658277 ], [ -73.854938, 40.64265 ], [ -73.848338, 40.643521 ], [ -73.833041, 40.628261 ], [ -73.834463, 40.607193 ], [ -73.849852, 40.588669 ], [ -73.879222, 40.574656 ], [ -74.036293, 40.551042 ], [ -74.034547, 40.57625 ], [ -74.041393, 40.603106 ], [ -74.056468, 40.631715 ] ] ] } },
{ "type": "Feature", "properties": { "fips": "36015", "county": "Chemung", "state": "NY" }, "geometry": { "type": "Polygon", "coordinates": [ [ [ -76.965728, 42.001276 ], [ -76.964761, 42.28744 ], [ -76.842907, 42.293756 ], [ -76.733912, 42.29372 ], [ -76.732677, 42.248052 ], [ -76.685779, 42.248333 ], [ -76.685656, 42.237604 ], [ -76.648114, 42.238094 ], [ -76.642256, 42.233721 ], [ -76.619533, 42.248664 ], [ -76.619303, 42.282853 ], [ -76.538349, 42.281755 ], [ -76.536507, 42.155403 ], [ -76.562732, 42.155912 ], [ -76.563589, 42.152463 ], [ -76.554237, 42.131467 ], [ -76.559409, 42.131251 ], [ -76.550573, 42.079624 ], [ -76.541489, 42.051728 ], [ -76.561303, 42.009503 ], [ -76.557624, 42.00016 ], [ -76.965728, 42.001276 ] ] ] } },
{ "type": "Feature", "properties": { "fips": "36121", "county": "Wyoming", "state": "NY" }, "geometry": { "type": "Polygon", "coordinates": [ [ [ -78.464556, 42.519166 ], [ -78.463233, 42.780461 ], [ -78.488143, 42.78066 ], [ -78.486256, 42.867731 ], [ -78.074171, 42.870188 ], [ -78.074161, 42.863743 ], [ -78.000588, 42.865048 ], [ -77.954712, 42.862571 ], [ -77.956334, 42.667322 ], [ -77.962626, 42.661985 ], [ -77.968424, 42.663031 ], [ -77.974413, 42.655373 ], [ -77.971161, 42.648153 ], [ -77.977305, 42.645206 ], [ -77.976618, 42.637793 ], [ -77.983145, 42.636021 ], [ -77.981377, 42.63113 ], [ -77.987965, 42.627941 ], [ -77.9904, 42.61486 ], [ -77.996494, 42.616096 ], [ -78.006596, 42.610111 ], [ -78.013733, 42.612051 ], [ -78.015997, 42.607406 ], [ -78.029174, 42.603742 ], [ -78.026914, 42.598145 ], [ -78.021879, 42.596082 ], [ -78.014554, 42.599718 ], [ -78.005799, 42.598684 ], [ -78.004937, 42.592413 ], [ -78.011965, 42.586861 ], [ -78.02243, 42.584911 ], [ -78.036502, 42.587723 ], [ -78.050827, 42.576008 ], [ -78.04632, 42.570202 ], [ -78.034351, 42.573781 ], [ -78.028097, 42.56803 ], [ -78.035523, 42.567322 ], [ -78.047965, 42.557929 ], [ -78.051975, 42.547749 ], [ -78.049292, 42.54395 ], [ -78.060986, 42.535905 ], [ -78.058941, 42.532189 ], [ -78.05003, 42.538595 ], [ -78.042561, 42.53515 ], [ -78.048019, 42.526949 ], [ -78.041039, 42.529113 ], [ -78.038261, 42.521522 ], [ -78.464556, 42.519166 ] ] ] } },
{ "type": "Feature", "properties": { "fips": "36061", "county": "New York", "state": "NY" }, "geometry": { "type": "MultiPolygon", "coordinates": [ [ [ [ -74.034573, 40.684866 ], [ -74.026284, 40.699902 ], [ -74.013784, 40.756601 ], [ -73.963182, 40.8269 ], [ -73.933808, 40.882214 ], [ -73.9152, 40.875581 ], [ -73.909505, 40.878878 ], [ -73.907104, 40.872978 ], [ -73.928106, 40.845579 ], [ -73.933459, 40.833184 ], [ -73.932346, 40.808586 ], [ -73.92725, 40.802558 ], [ -73.912456, 40.796096 ], [ -73.910296, 40.790657 ], [ -73.928605, 40.776593 ], [ -73.93638, 40.776921 ], [ -73.935323, 40.770485 ], [ -73.959193, 40.746035 ], [ -73.96262, 40.739033 ], [ -73.961543, 40.723876 ], [ -73.969613, 40.707634 ], [ -73.972789, 40.709378 ], [ -73.980987, 40.705374 ], [ -73.992722, 40.705544 ], [ -74.00096, 40.690132 ], [ -74.019347, 40.679548 ], [ -74.034573, 40.684866 ] ] ], [ [ [ -74.047133, 40.690542 ], [ -74.044279, 40.690463 ], [ -74.043658, 40.688861 ], [ -74.04537, 40.688878 ], [ -74.047133, 40.690542 ] ] ], [ [ [ -74.039931, 40.69859 ], [ -74.038936, 40.699655 ], [ -74.038372, 40.698669 ], [ -74.039931, 40.69859 ] ] ] ] } },
{ "type": "Feature", "properties": { "fips": "34041", "county": "Warren", "state": "NJ" }, "geometry": { "type": "Polygon", "coordinates": [ [ [ -75.051448, 40.864209 ], [ -75.053664, 40.87366 ], [ -75.075345, 40.894166 ], [ -75.079295, 40.91388 ], [ -75.095528, 40.924148 ], [ -75.117767, 40.953013 ], [ -75.120232, 40.968702 ], [ -75.130166, 40.968961 ], [ -75.134701, 40.972038 ], [ -75.131341, 40.98998 ], [ -75.084495, 41.01592 ], [ -75.070532, 41.01862 ], [ -75.027102, 41.039529 ], [ -75.027146, 41.045254 ], [ -75.012485, 41.067197 ], [ -74.970987, 41.085293 ], [ -74.966906, 41.09441 ], [ -74.769425, 40.910934 ], [ -74.786981, 40.899714 ], [ -74.792469, 40.889777 ], [ -74.806127, 40.883723 ], [ -74.808309, 40.869546 ], [ -74.802068, 40.864424 ], [ -74.80299, 40.861741 ], [ -74.809302, 40.860177 ], [ -74.814115, 40.851223 ], [ -74.821382, 40.849454 ], [ -74.823825, 40.843791 ], [ -74.818527, 40.836619 ], [ -74.831378, 40.828812 ], [ -74.830187, 40.824757 ], [ -74.842469, 40.811641 ], [ -74.846796, 40.81087 ], [ -74.851431, 40.803488 ], [ -74.85999, 40.80102 ], [ -74.864387, 40.803163 ], [ -74.869271, 40.795103 ], [ -74.885377, 40.790978 ], [ -74.904156, 40.781032 ], [ -74.902718, 40.771836 ], [ -74.926939, 40.754941 ], [ -74.951727, 40.72774 ], [ -74.963509, 40.720468 ], [ -74.96845, 40.710753 ], [ -74.97957, 40.710798 ], [ -74.981412, 40.7059 ], [ -74.991463, 40.702896 ], [ -75.003839, 40.69304 ], [ -75.017296, 40.694573 ], [ -75.043222, 40.67894 ], [ -75.048836, 40.67964 ], [ -75.062383, 40.669517 ], [ -75.075156, 40.66505 ], [ -75.111341, 40.638209 ], [ -75.145669, 40.628802 ], [ -75.149667, 40.620501 ], [ -75.154419, 40.621692 ], [ -75.162084, 40.617555 ], [ -75.162883, 40.611133 ], [ -75.172537, 40.604894 ], [ -75.17497, 40.598799 ], [ -75.1896, 40.591776 ], [ -75.192291, 40.602676 ], [ -75.201844, 40.615892 ], [ -75.199684, 40.61882 ], [ -75.190688, 40.619957 ], [ -75.188595, 40.623636 ], [ -75.190691, 40.635891 ], [ -75.200452, 40.649219 ], [ -75.176803, 40.675715 ], [ -75.180564, 40.679363 ], [ -75.196921, 40.681297 ], [ -75.203921, 40.691498 ], [ -75.19442, 40.714018 ], [ -75.18674, 40.71949 ], [ -75.182084, 40.731522 ], [ -75.195349, 40.745473 ], [ -75.196535, 40.751631 ], [ -75.17904, 40.761897 ], [ -75.171587, 40.777745 ], [ -75.1344, 40.77377 ], [ -75.123088, 40.786746 ], [ -75.108505, 40.791094 ], [ -75.1008, 40.799797 ], [ -75.100214, 40.807664 ], [ -75.083929, 40.824471 ], [ -75.085517, 40.830085 ], [ -75.097006, 40.839336 ], [ -75.095784, 40.847082 ], [ -75.076684, 40.849875 ], [ -75.066008, 40.847594 ], [ -75.063802, 40.855593 ], [ -75.051448, 40.864209 ] ] ] } },
{ "type": "Feature", "properties": { "fips": "36021", "county": "Columbia", "state": "NY" }, "geometry": { "type": "Polygon", "coordinates": [ [ [ -73.783721, 42.464231 ], [ -73.352429, 42.510017 ], [ -73.50821, 42.086134 ], [ -73.497018, 42.049624 ], [ -73.521416, 42.049966 ], [ -73.527072, 41.97798 ], [ -73.71093, 42.005488 ], [ -73.903193, 42.078106 ], [ -73.915593, 42.080906 ], [ -73.917098, 42.076474 ], [ -73.929626, 42.078778 ], [ -73.921465, 42.110025 ], [ -73.901766, 42.140947 ], [ -73.892319, 42.167534 ], [ -73.874761, 42.173916 ], [ -73.855255, 42.191415 ], [ -73.847813, 42.230347 ], [ -73.832603, 42.244058 ], [ -73.802996, 42.253655 ], [ -73.786832, 42.273007 ], [ -73.780551, 42.305688 ], [ -73.783284, 42.331692 ], [ -73.79326, 42.356186 ], [ -73.790519, 42.363227 ], [ -73.794274, 42.377975 ], [ -73.77367, 42.44404 ], [ -73.778506, 42.458895 ], [ -73.775632, 42.460939 ], [ -73.783721, 42.464231 ] ] ] } },
{ "type": "Feature", "properties": { "fips": "36013", "county": "Chautauqua", "state": "NY" }, "geometry": { "type": "Polygon", "coordinates": [ [ [ -79.136876, 42.569788 ], [ -79.125798, 42.565092 ], [ -79.114929, 42.570046 ], [ -79.107778, 42.569965 ], [ -79.10366, 42.567592 ], [ -79.105192, 42.563341 ], [ -79.095072, 42.564239 ], [ -79.091747, 42.556407 ], [ -79.080877, 42.555437 ], [ -79.090077, 42.55024 ], [ -79.060777, 42.537853 ], [ -79.061265, 41.999259 ], [ -79.761313, 41.998808 ], [ -79.762418, 42.516072 ], [ -79.312136, 42.686805 ], [ -79.136876, 42.569788 ] ] ] } },
{ "type": "Feature", "properties": { "fips": "36033", "county": "Franklin", "state": "NY" }, "geometry": { "type": "Polygon", "coordinates": [ [ [ -74.641872, 44.952621 ], [ -74.720307, 44.953011 ], [ -74.726228, 44.994863 ], [ -74.702019, 45.003322 ], [ -74.683966, 44.99969 ], [ -74.673047, 45.000943 ], [ -74.670297, 45.006194 ], [ -74.661479, 44.999593 ], [ -74.45753, 44.997033 ], [ -74.335184, 44.991905 ], [ -74.150235, 44.991357 ], [ -74.027389, 44.995685 ], [ -74.007251, 44.890713 ], [ -74.006692, 44.836938 ], [ -73.986382, 44.707773 ], [ -73.966148, 44.709118 ], [ -73.9459, 44.574869 ], [ -73.932927, 44.576197 ], [ -73.909687, 44.429699 ], [ -74.141424, 44.407268 ], [ -74.09349, 44.137615 ], [ -74.535156, 44.09925 ], [ -74.544487, 44.169414 ], [ -74.525683, 44.170636 ], [ -74.608915, 44.713508 ], [ -74.641872, 44.952621 ] ] ] } },
{ "type": "Feature", "properties": { "fips": "36067", "county": "Onondaga", "state": "NY" }, "geometry": { "type": "Polygon", "coordinates": [ [ [ -76.473594, 43.104029 ], [ -76.476125, 43.125066 ], [ -76.486303, 43.143223 ], [ -76.473066, 43.146017 ], [ -76.479224, 43.227519 ], [ -76.344632, 43.23267 ], [ -76.324213, 43.232308 ], [ -76.316117, 43.229428 ], [ -76.307541, 43.230788 ], [ -76.289012, 43.2185 ], [ -76.281027, 43.201091 ], [ -76.271351, 43.203968 ], [ -76.262051, 43.218468 ], [ -76.267751, 43.232768 ], [ -76.275551, 43.238768 ], [ -76.272851, 43.240168 ], [ -76.25745, 43.236868 ], [ -76.24465, 43.214568 ], [ -76.233849, 43.212368 ], [ -76.224449, 43.204968 ], [ -76.217873, 43.204772 ], [ -76.208336, 43.208036 ], [ -76.210649, 43.210568 ], [ -76.206176, 43.216612 ], [ -76.198748, 43.212568 ], [ -76.194248, 43.217068 ], [ -76.202548, 43.222268 ], [ -76.205008, 43.237412 ], [ -76.213393, 43.24002 ], [ -76.210609, 43.244004 ], [ -76.212977, 43.256672 ], [ -76.208825, 43.263648 ], [ -76.2119, 43.267132 ], [ -76.202944, 43.271605 ], [ -76.169047, 43.246668 ], [ -76.148526, 43.239636 ], [ -76.139838, 43.240356 ], [ -76.130494, 43.234527 ], [ -76.115967, 43.233561 ], [ -76.10638, 43.224312 ], [ -76.099254, 43.224937 ], [ -76.084514, 43.216769 ], [ -76.080303, 43.215808 ], [ -76.079984, 43.218052 ], [ -76.079064, 43.218593 ], [ -76.078737, 43.215461 ], [ -76.069414, 43.214699 ], [ -76.068155, 43.212518 ], [ -76.085182, 43.213081 ], [ -76.076897, 43.208449 ], [ -76.082457, 43.20685 ], [ -76.078902, 43.19948 ], [ -76.055386, 43.199168 ], [ -76.052619, 43.202857 ], [ -76.047668, 43.202612 ], [ -76.032031, 43.190919 ], [ -76.011817, 43.18558 ], [ -76.002787, 43.179469 ], [ -76.003941, 43.176757 ], [ -75.991437, 43.18325 ], [ -75.992635, 43.173849 ], [ -75.990028, 43.171527 ], [ -75.98151, 43.172779 ], [ -75.981008, 43.167704 ], [ -75.97438, 43.163175 ], [ -75.977068, 43.157646 ], [ -75.971235, 43.154639 ], [ -75.971783, 43.143847 ], [ -75.977267, 43.14047 ], [ -75.977284, 43.136195 ], [ -75.972191, 43.140469 ], [ -75.963814, 43.133632 ], [ -75.957405, 43.133672 ], [ -75.95758, 43.13629 ], [ -75.955015, 43.133927 ], [ -75.950057, 43.134853 ], [ -75.960567, 43.12327 ], [ -75.9544, 43.116857 ], [ -75.960135, 43.115395 ], [ -75.965463, 43.119651 ], [ -75.971524, 43.104914 ], [ -75.976396, 43.103038 ], [ -75.975404, 43.090921 ], [ -75.971121, 43.092468 ], [ -75.971584, 43.088903 ], [ -75.96753, 43.087625 ], [ -75.967382, 43.08992 ], [ -75.963973, 43.086697 ], [ -75.960814, 43.089011 ], [ -75.961825, 43.085505 ], [ -75.954115, 43.088823 ], [ -75.95126, 43.087315 ], [ -75.950431, 43.089629 ], [ -75.948699, 43.086817 ], [ -75.947087, 43.08895 ], [ -75.939488, 43.086663 ], [ -75.931135, 43.090221 ], [ -75.928666, 43.087214 ], [ -75.926757, 43.090565 ], [ -75.919894, 43.089876 ], [ -75.917215, 43.08591 ], [ -75.896079, 42.790964 ], [ -76.274673, 42.771257 ], [ -76.275348, 42.78047 ], [ -76.29877, 42.80746 ], [ -76.356974, 42.84945 ], [ -76.450738, 42.84576 ], [ -76.462999, 43.006316 ], [ -76.491941, 43.004964 ], [ -76.499219, 43.099837 ], [ -76.491232, 43.106295 ], [ -76.473594, 43.104029 ] ] ] } },
{ "type": "Feature", "properties": { "fips": "36017", "county": "Chenango", "state": "NY" }, "geometry": { "type": "Polygon", "coordinates": [ [ [ -75.8624, 42.39777 ], [ -75.889832, 42.723844 ], [ -75.428668, 42.745421 ], [ -75.427988, 42.738111 ], [ -75.295877, 42.744106 ], [ -75.292825, 42.737751 ], [ -75.300333, 42.729091 ], [ -75.295889, 42.72822 ], [ -75.296513, 42.718653 ], [ -75.306919, 42.705628 ], [ -75.313386, 42.689549 ], [ -75.327046, 42.68029 ], [ -75.326863, 42.674632 ], [ -75.330384, 42.674361 ], [ -75.327683, 42.66364 ], [ -75.331165, 42.661215 ], [ -75.328024, 42.648279 ], [ -75.322993, 42.64381 ], [ -75.323598, 42.634122 ], [ -75.330108, 42.631034 ], [ -75.322993, 42.623026 ], [ -75.337168, 42.613367 ], [ -75.338977, 42.608499 ], [ -75.336319, 42.594318 ], [ -75.32524, 42.588556 ], [ -75.330312, 42.580999 ], [ -75.326845, 42.577336 ], [ -75.332372, 42.573001 ], [ -75.329968, 42.56759 ], [ -75.335232, 42.566424 ], [ -75.339712, 42.560863 ], [ -75.348122, 42.560397 ], [ -75.354327, 42.554139 ], [ -75.356051, 42.556253 ], [ -75.361598, 42.552452 ], [ -75.364728, 42.554611 ], [ -75.372614, 42.536859 ], [ -75.378011, 42.535676 ], [ -75.386923, 42.523544 ], [ -75.384009, 42.520231 ], [ -75.389439, 42.510767 ], [ -75.401245, 42.511379 ], [ -75.403616, 42.509222 ], [ -75.395863, 42.506456 ], [ -75.39895, 42.498745 ], [ -75.39519, 42.486731 ], [ -75.404489, 42.479613 ], [ -75.400414, 42.474144 ], [ -75.399939, 42.462391 ], [ -75.394523, 42.459344 ], [ -75.386515, 42.445874 ], [ -75.385077, 42.431802 ], [ -75.376624, 42.424167 ], [ -75.379135, 42.416544 ], [ -75.374617, 42.415998 ], [ -75.379891, 42.404713 ], [ -75.394015, 42.399846 ], [ -75.40669, 42.380781 ], [ -75.402329, 42.375067 ], [ -75.403156, 42.365305 ], [ -75.399441, 42.360286 ], [ -75.392663, 42.358584 ], [ -75.394456, 42.353148 ], [ -75.402453, 42.348536 ], [ -75.39803, 42.336444 ], [ -75.410358, 42.325359 ], [ -75.407635, 42.319611 ], [ -75.414244, 42.320377 ], [ -75.416932, 42.314094 ], [ -75.418421, 42.195032 ], [ -75.63711, 42.195628 ], [ -75.638299, 42.248686 ], [ -75.819382, 42.249003 ], [ -75.836406, 42.244155 ], [ -75.843792, 42.259707 ], [ -75.852063, 42.345331 ], [ -75.8624, 42.39777 ] ] ] } },
{ "type": "Feature", "properties": { "fips": "34031", "county": "Passaic", "state": "NJ" }, "geometry": { "type": "Polygon", "coordinates": [ [ [ -74.24029, 40.880436 ], [ -74.264289, 40.886906 ], [ -74.266638, 40.894533 ], [ -74.272848, 40.898775 ], [ -74.273507, 40.906546 ], [ -74.27133, 40.910111 ], [ -74.266691, 40.907726 ], [ -74.267133, 40.910657 ], [ -74.271593, 40.915395 ], [ -74.278918, 40.915885 ], [ -74.278871, 40.918254 ], [ -74.284203, 40.917148 ], [ -74.288515, 40.924667 ], [ -74.289246, 40.928791 ], [ -74.279421, 40.943319 ], [ -74.277219, 40.954765 ], [ -74.282421, 40.970026 ], [ -74.277508, 40.97355 ], [ -74.281688, 40.979961 ], [ -74.297669, 40.979912 ], [ -74.292833, 40.987955 ], [ -74.298907, 41.002952 ], [ -74.301434, 40.999245 ], [ -74.309494, 40.998409 ], [ -74.315492, 41.002377 ], [ -74.328223, 41.00116 ], [ -74.336649, 41.007604 ], [ -74.350189, 41.003975 ], [ -74.355474, 41.013911 ], [ -74.362128, 41.013833 ], [ -74.364197, 41.010936 ], [ -74.379808, 41.014261 ], [ -74.387291, 41.011693 ], [ -74.391269, 41.015954 ], [ -74.39991, 41.017372 ], [ -74.406204, 41.024176 ], [ -74.418876, 41.028729 ], [ -74.423686, 41.027615 ], [ -74.428153, 41.020673 ], [ -74.43504, 41.020021 ], [ -74.427268, 41.03599 ], [ -74.440279, 41.043559 ], [ -74.446914, 41.054426 ], [ -74.475999, 41.047858 ], [ -74.497358, 41.034112 ], [ -74.501997, 41.039033 ], [ -74.496605, 41.059787 ], [ -74.487424, 41.065877 ], [ -74.486832, 41.076333 ], [ -74.503212, 41.085873 ], [ -74.421734, 41.160898 ], [ -74.36751, 41.203241 ], [ -74.211224, 41.133714 ], [ -74.272226, 41.017935 ], [ -74.248532, 40.992094 ], [ -74.224533, 40.981303 ], [ -74.171141, 40.977066 ], [ -74.170275, 40.983904 ], [ -74.141048, 40.966348 ], [ -74.148163, 40.942074 ], [ -74.139984, 40.935031 ], [ -74.140403, 40.924201 ], [ -74.129408, 40.920213 ], [ -74.133501, 40.912164 ], [ -74.133479, 40.898472 ], [ -74.128456, 40.894277 ], [ -74.130315, 40.885486 ], [ -74.115663, 40.875002 ], [ -74.106969, 40.8616 ], [ -74.109661, 40.855272 ], [ -74.114472, 40.859898 ], [ -74.121212, 40.857699 ], [ -74.123632, 40.822906 ], [ -74.130016, 40.819938 ], [ -74.198311, 40.857289 ], [ -74.196999, 40.859464 ], [ -74.202002, 40.859352 ], [ -74.24029, 40.880436 ] ] ] } },
{ "type": "Feature", "properties": { "fips": "36035", "county": "Fulton", "state": "NY" }, "geometry": { "type": "Polygon", "coordinates": [ [ [ -74.735293, 43.142943 ], [ -74.70792, 43.150118 ], [ -74.711518, 43.152789 ], [ -74.709808, 43.155959 ], [ -74.718255, 43.160245 ], [ -74.71759, 43.165289 ], [ -74.708235, 43.172533 ], [ -74.702288, 43.171293 ], [ -74.695985, 43.174177 ], [ -74.713005, 43.289003 ], [ -74.534657, 43.228115 ], [ -74.326378, 43.241635 ], [ -74.322375, 43.214684 ], [ -74.220902, 43.221403 ], [ -74.224215, 43.248165 ], [ -74.140147, 43.253979 ], [ -74.097467, 42.982934 ], [ -74.542367, 42.98553 ], [ -74.759895, 43.047423 ], [ -74.762033, 43.059643 ], [ -74.769843, 43.065683 ], [ -74.770159, 43.074901 ], [ -74.774199, 43.078472 ], [ -74.773734, 43.083375 ], [ -74.765815, 43.090132 ], [ -74.769902, 43.113336 ], [ -74.758521, 43.114084 ], [ -74.758716, 43.119754 ], [ -74.747677, 43.122 ], [ -74.739729, 43.120191 ], [ -74.738328, 43.12436 ], [ -74.728444, 43.125168 ], [ -74.735293, 43.142943 ] ] ] } },
{ "type": "Feature", "properties": { "fips": "34033", "county": "Salem", "state": "NJ" }, "geometry": { "type": "Polygon", "coordinates": [ [ [ -75.51287, 39.57836 ], [ -75.518157, 39.58288 ], [ -75.527693, 39.584112 ], [ -75.537503, 39.593627 ], [ -75.553512, 39.601819 ], [ -75.557371, 39.609115 ], [ -75.558773, 39.629987 ], [ -75.541978, 39.645425 ], [ -75.533524, 39.647557 ], [ -75.515533, 39.666326 ], [ -75.510374, 39.677935 ], [ -75.509874, 39.693915 ], [ -75.496312, 39.700956 ], [ -75.488384, 39.714708 ], [ -75.479361, 39.713706 ], [ -75.476438, 39.716199 ], [ -75.475693, 39.733658 ], [ -75.462198, 39.763197 ], [ -75.452339, 39.769013 ], [ -75.450688, 39.775064 ], [ -75.4383, 39.784402 ], [ -75.405489, 39.796368 ], [ -75.429061, 39.78382 ], [ -75.407712, 39.787445 ], [ -75.40812, 39.781596 ], [ -75.402324, 39.782469 ], [ -75.400394, 39.77297 ], [ -75.394971, 39.773732 ], [ -75.400232, 39.767827 ], [ -75.40445, 39.769513 ], [ -75.405959, 39.763484 ], [ -75.399276, 39.761324 ], [ -75.39782, 39.757473 ], [ -75.396577, 39.761281 ], [ -75.389857, 39.760464 ], [ -75.392749, 39.757975 ], [ -75.389334, 39.756416 ], [ -75.395102, 39.754667 ], [ -75.392534, 39.750416 ], [ -75.38819, 39.752434 ], [ -75.385997, 39.747026 ], [ -75.382637, 39.745809 ], [ -75.380468, 39.748272 ], [ -75.376758, 39.744944 ], [ -75.374102, 39.735374 ], [ -75.378105, 39.730865 ], [ -75.374708, 39.728583 ], [ -75.376589, 39.726421 ], [ -75.367146, 39.722111 ], [ -75.367345, 39.717688 ], [ -75.36133, 39.716673 ], [ -75.360142, 39.712891 ], [ -75.350252, 39.711247 ], [ -75.346071, 39.70615 ], [ -75.336052, 39.70388 ], [ -75.335169, 39.700163 ], [ -75.325522, 39.695135 ], [ -75.326343, 39.690015 ], [ -75.315016, 39.691396 ], [ -75.31418, 39.68825 ], [ -75.302094, 39.688424 ], [ -75.285957, 39.679566 ], [ -75.266327, 39.682271 ], [ -75.253461, 39.679103 ], [ -75.247542, 39.664523 ], [ -75.234857, 39.661619 ], [ -75.219431, 39.661809 ], [ -75.199793, 39.666996 ], [ -75.061854, 39.568746 ], [ -75.074478, 39.544511 ], [ -75.071108, 39.531507 ], [ -75.079769, 39.501178 ], [ -75.073179, 39.485314 ], [ -75.08065, 39.471735 ], [ -75.080307, 39.46044 ], [ -75.083823, 39.457354 ], [ -75.238434, 39.559039 ], [ -75.31802, 39.49204 ], [ -75.326393, 39.488444 ], [ -75.342376, 39.490622 ], [ -75.34998, 39.479764 ], [ -75.351223, 39.471817 ], [ -75.361796, 39.466073 ], [ -75.368213, 39.456479 ], [ -75.374362, 39.455134 ], [ -75.37952, 39.458546 ], [ -75.386563, 39.457837 ], [ -75.39983, 39.462271 ], [ -75.413859, 39.453663 ], [ -75.409212, 39.443057 ], [ -75.416598, 39.438474 ], [ -75.409389, 39.437544 ], [ -75.41198, 39.433408 ], [ -75.418821, 39.432301 ], [ -75.415031, 39.42872 ], [ -75.410851, 39.430968 ], [ -75.408174, 39.424279 ], [ -75.411984, 39.423501 ], [ -75.411204, 39.420387 ], [ -75.418797, 39.415119 ], [ -75.419407, 39.411212 ], [ -75.41429, 39.404744 ], [ -75.410847, 39.40868 ], [ -75.405096, 39.405544 ], [ -75.411162, 39.401093 ], [ -75.407456, 39.395951 ], [ -75.417999, 39.394316 ], [ -75.414797, 39.390786 ], [ -75.416953, 39.387498 ], [ -75.41282, 39.384359 ], [ -75.408911, 39.387562 ], [ -75.406685, 39.380295 ], [ -75.444751, 39.355089 ], [ -75.469436, 39.373147 ], [ -75.48136, 39.387555 ], [ -75.560538, 39.455645 ], [ -75.563586, 39.483048 ], [ -75.55909, 39.495806 ], [ -75.526823, 39.499411 ], [ -75.530141, 39.505373 ], [ -75.526787, 39.53144 ], [ -75.534014, 39.540702 ], [ -75.51196, 39.56729 ], [ -75.51287, 39.57836 ] ] ] } },
{ "type": "Feature", "properties": { "fips": "36087", "county": "Rockland", "state": "NY" }, "geometry": { "type": "Polygon", "coordinates": [ [ [ -74.234288, 41.143008 ], [ -73.981384, 41.324693 ], [ -73.980984, 41.314193 ], [ -73.964483, 41.299693 ], [ -73.946583, 41.290993 ], [ -73.947483, 41.284593 ], [ -73.969684, 41.263193 ], [ -73.971984, 41.251493 ], [ -73.961283, 41.241994 ], [ -73.961383, 41.234194 ], [ -73.931482, 41.204994 ], [ -73.909281, 41.164395 ], [ -73.895381, 41.153995 ], [ -73.88948, 41.145095 ], [ -73.88718, 41.133095 ], [ -73.89488, 41.082396 ], [ -73.88938, 41.037597 ], [ -73.893979, 40.997205 ], [ -73.902715, 40.997327 ], [ -74.234288, 41.143008 ] ] ] } },
{ "type": "Feature", "properties": { "fips": "34019", "county": "Hunterdon", "state": "NJ" }, "geometry": { "type": "Polygon", "coordinates": [ [ [ -75.110007, 40.638915 ], [ -75.105522, 40.644915 ], [ -75.095776, 40.648249 ], [ -75.075156, 40.66505 ], [ -75.062383, 40.669517 ], [ -75.048836, 40.67964 ], [ -75.043222, 40.67894 ], [ -75.017296, 40.694573 ], [ -75.003839, 40.69304 ], [ -74.991463, 40.702896 ], [ -74.981412, 40.7059 ], [ -74.97957, 40.710798 ], [ -74.968927, 40.710392 ], [ -74.963509, 40.720468 ], [ -74.951727, 40.72774 ], [ -74.926939, 40.754941 ], [ -74.902718, 40.771836 ], [ -74.904481, 40.780755 ], [ -74.889819, 40.787729 ], [ -74.823631, 40.74221 ], [ -74.797973, 40.742186 ], [ -74.770989, 40.736048 ], [ -74.7529, 40.731129 ], [ -74.720349, 40.715385 ], [ -74.720198, 40.706584 ], [ -74.715759, 40.700295 ], [ -74.720731, 40.69683 ], [ -74.723938, 40.687837 ], [ -74.717728, 40.683869 ], [ -74.722871, 40.669716 ], [ -74.730811, 40.665194 ], [ -74.727634, 40.658682 ], [ -74.71952, 40.654324 ], [ -74.726493, 40.63233 ], [ -74.713455, 40.630787 ], [ -74.711429, 40.624929 ], [ -74.702703, 40.621117 ], [ -74.721752, 40.600702 ], [ -74.718582, 40.599656 ], [ -74.724937, 40.588755 ], [ -74.712962, 40.584231 ], [ -74.724597, 40.566184 ], [ -74.742659, 40.553898 ], [ -74.775979, 40.503606 ], [ -74.781393, 40.505001 ], [ -74.787417, 40.512159 ], [ -74.797881, 40.51567 ], [ -74.748147, 40.424156 ], [ -74.80847, 40.416664 ], [ -74.802016, 40.384972 ], [ -74.869678, 40.377774 ], [ -74.856262, 40.346696 ], [ -74.932277, 40.339427 ], [ -74.942909, 40.341683 ], [ -74.948901, 40.365055 ], [ -74.966969, 40.398475 ], [ -74.99586, 40.410384 ], [ -75.028633, 40.403971 ], [ -75.058575, 40.418193 ], [ -75.070678, 40.456794 ], [ -75.067715, 40.473669 ], [ -75.062664, 40.480439 ], [ -75.068581, 40.542185 ], [ -75.099827, 40.567398 ], [ -75.115536, 40.57286 ], [ -75.140172, 40.57537 ], [ -75.159041, 40.564846 ], [ -75.171623, 40.564222 ], [ -75.185794, 40.568841 ], [ -75.195496, 40.578627 ], [ -75.1896, 40.591776 ], [ -75.17497, 40.598799 ], [ -75.172537, 40.604894 ], [ -75.162883, 40.611133 ], [ -75.161566, 40.618027 ], [ -75.154419, 40.621692 ], [ -75.149667, 40.620501 ], [ -75.145315, 40.628981 ], [ -75.110007, 40.638915 ] ] ] } },
{ "type": "Feature", "properties": { "fips": "36051", "county": "Livingston", "state": "NY" }, "geometry": { "type": "Polygon", "coordinates": [ [ [ -77.93523, 42.905261 ], [ -77.934234, 42.94558 ], [ -77.911413, 42.945064 ], [ -77.909832, 42.987762 ], [ -77.730957, 42.988372 ], [ -77.732457, 42.981341 ], [ -77.720748, 42.979193 ], [ -77.717828, 42.973365 ], [ -77.724586, 42.971293 ], [ -77.728407, 42.953033 ], [ -77.734469, 42.954771 ], [ -77.731181, 42.946901 ], [ -77.759418, 42.944491 ], [ -77.759052, 42.940462 ], [ -77.637522, 42.939964 ], [ -77.635022, 42.944464 ], [ -77.580377, 42.943963 ], [ -77.572898, 42.935368 ], [ -77.566303, 42.934972 ], [ -77.567153, 42.928853 ], [ -77.560356, 42.921739 ], [ -77.563132, 42.917563 ], [ -77.559574, 42.918094 ], [ -77.560529, 42.900181 ], [ -77.554303, 42.89787 ], [ -77.557303, 42.894863 ], [ -77.552411, 42.892652 ], [ -77.556633, 42.890344 ], [ -77.553284, 42.890039 ], [ -77.549353, 42.879363 ], [ -77.554004, 42.874381 ], [ -77.547843, 42.874527 ], [ -77.552344, 42.869288 ], [ -77.547374, 42.869695 ], [ -77.546214, 42.866115 ], [ -77.549408, 42.864331 ], [ -77.5509, 42.867425 ], [ -77.550824, 42.864004 ], [ -77.554968, 42.863217 ], [ -77.551926, 42.854064 ], [ -77.587997, 42.854011 ], [ -77.588217, 42.762964 ], [ -77.61167, 42.763169 ], [ -77.598815, 42.671965 ], [ -77.486875, 42.670279 ], [ -77.490889, 42.577288 ], [ -77.659917, 42.580409 ], [ -77.661315, 42.535067 ], [ -77.720617, 42.535066 ], [ -77.722964, 42.471216 ], [ -77.840231, 42.474576 ], [ -77.840694, 42.517771 ], [ -78.043418, 42.518464 ], [ -78.038261, 42.521522 ], [ -78.040394, 42.528568 ], [ -78.046263, 42.526229 ], [ -78.048057, 42.527959 ], [ -78.042561, 42.53515 ], [ -78.049129, 42.538756 ], [ -78.057718, 42.532498 ], [ -78.060899, 42.53316 ], [ -78.059285, 42.538733 ], [ -78.049163, 42.54417 ], [ -78.051975, 42.547749 ], [ -78.047965, 42.557929 ], [ -78.035523, 42.567322 ], [ -78.028005, 42.567439 ], [ -78.033785, 42.573713 ], [ -78.046609, 42.570328 ], [ -78.050869, 42.574482 ], [ -78.048991, 42.578649 ], [ -78.036502, 42.587723 ], [ -78.02243, 42.584911 ], [ -78.011965, 42.586861 ], [ -78.004937, 42.592413 ], [ -78.005799, 42.598684 ], [ -78.014554, 42.599718 ], [ -78.021879, 42.596082 ], [ -78.026914, 42.598145 ], [ -78.029174, 42.603742 ], [ -78.015997, 42.607406 ], [ -78.013733, 42.612051 ], [ -78.006596, 42.610111 ], [ -77.996494, 42.616096 ], [ -77.9904, 42.61486 ], [ -77.987965, 42.627941 ], [ -77.981377, 42.63113 ], [ -77.983145, 42.636021 ], [ -77.976618, 42.637793 ], [ -77.977305, 42.645206 ], [ -77.971161, 42.648153 ], [ -77.974413, 42.655373 ], [ -77.968424, 42.663031 ], [ -77.962626, 42.661985 ], [ -77.956334, 42.667322 ], [ -77.95553, 42.905861 ], [ -77.93523, 42.905261 ] ] ] } },
{ "type": "Feature", "properties": { "fips": "36025", "county": "Delaware", "state": "NY" }, "geometry": { "type": "Polygon", "coordinates": [ [ [ -75.059068, 42.43064 ], [ -75.019818, 42.429045 ], [ -75.017958, 42.454243 ], [ -75.015409, 42.450219 ], [ -75.003234, 42.449 ], [ -75.001265, 42.442769 ], [ -74.993044, 42.440086 ], [ -74.98932, 42.443303 ], [ -74.990899, 42.446555 ], [ -74.984132, 42.443854 ], [ -74.97494, 42.467488 ], [ -74.959246, 42.470385 ], [ -74.957926, 42.462756 ], [ -74.844121, 42.512591 ], [ -74.771084, 42.504398 ], [ -74.751597, 42.514513 ], [ -74.742493, 42.516026 ], [ -74.733921, 42.513883 ], [ -74.728343, 42.517563 ], [ -74.716149, 42.515887 ], [ -74.71158, 42.517799 ], [ -74.618895, 42.424389 ], [ -74.428196, 42.349075 ], [ -74.53731, 42.201424 ], [ -74.451713, 42.169225 ], [ -74.503984, 42.14492 ], [ -74.530985, 42.146475 ], [ -74.553598, 42.121484 ], [ -74.828708, 41.994017 ], [ -75.149705, 41.84963 ], [ -75.157362, 41.848465 ], [ -75.164943, 41.852261 ], [ -75.169142, 41.87029 ], [ -75.174574, 41.87266 ], [ -75.185254, 41.85993 ], [ -75.194382, 41.867287 ], [ -75.204002, 41.869867 ], [ -75.21497, 41.867449 ], [ -75.223734, 41.857456 ], [ -75.231612, 41.859459 ], [ -75.241134, 41.867118 ], [ -75.251197, 41.86204 ], [ -75.257825, 41.862154 ], [ -75.263972, 41.869668 ], [ -75.257821, 41.875921 ], [ -75.258656, 41.8801 ], [ -75.260623, 41.883783 ], [ -75.271305, 41.887401 ], [ -75.272778, 41.897112 ], [ -75.267562, 41.907054 ], [ -75.276552, 41.922208 ], [ -75.279094, 41.938917 ], [ -75.289383, 41.942891 ], [ -75.292589, 41.953897 ], [ -75.300409, 41.953871 ], [ -75.303966, 41.948216 ], [ -75.318168, 41.954236 ], [ -75.32004, 41.960867 ], [ -75.328981, 41.96842 ], [ -75.342204, 41.972872 ], [ -75.337602, 41.9867 ], [ -75.341125, 41.992772 ], [ -75.360985, 42.000074 ], [ -75.364225, 42.008168 ], [ -75.37922, 42.002192 ], [ -75.396561, 42.006605 ], [ -75.403174, 42.012108 ], [ -75.410033, 42.029827 ], [ -75.421766, 42.041603 ], [ -75.415319, 42.314151 ], [ -75.408801, 42.316442 ], [ -75.398173, 42.315035 ], [ -75.390202, 42.319907 ], [ -75.382818, 42.315245 ], [ -75.37674, 42.32238 ], [ -75.371152, 42.315756 ], [ -75.353524, 42.319221 ], [ -75.341368, 42.314797 ], [ -75.323278, 42.321071 ], [ -75.307321, 42.321291 ], [ -75.292726, 42.339488 ], [ -75.281491, 42.342724 ], [ -75.278694, 42.347298 ], [ -75.269147, 42.35125 ], [ -75.272751, 42.357178 ], [ -75.261373, 42.366764 ], [ -75.255359, 42.36435 ], [ -75.247445, 42.367348 ], [ -75.236073, 42.364303 ], [ -75.21706, 42.367473 ], [ -75.209599, 42.376473 ], [ -75.194762, 42.37724 ], [ -75.19096, 42.379852 ], [ -75.197237, 42.358329 ], [ -75.147133, 42.385662 ], [ -75.143069, 42.381401 ], [ -75.122202, 42.39407 ], [ -75.126762, 42.398576 ], [ -75.093408, 42.420634 ], [ -75.059068, 42.43064 ] ] ] } },
{ "type": "Feature", "properties": { "fips": "36071", "county": "Orange", "state": "NY" }, "geometry": { "type": "Polygon", "coordinates": [ [ [ -74.752399, 41.493743 ], [ -74.475619, 41.503953 ], [ -74.476092, 41.510399 ], [ -74.465616, 41.516882 ], [ -74.465661, 41.523014 ], [ -74.457148, 41.527502 ], [ -74.45454, 41.533369 ], [ -74.444602, 41.537233 ], [ -74.445431, 41.544012 ], [ -74.439199, 41.543023 ], [ -74.438593, 41.547387 ], [ -74.434847, 41.546389 ], [ -74.436174, 41.551075 ], [ -74.426131, 41.556161 ], [ -74.429823, 41.558459 ], [ -74.419733, 41.562426 ], [ -74.418145, 41.569769 ], [ -74.408251, 41.568311 ], [ -74.411085, 41.571012 ], [ -74.408554, 41.574906 ], [ -74.40656, 41.57222 ], [ -74.397614, 41.575094 ], [ -74.390365, 41.586383 ], [ -74.386149, 41.583132 ], [ -74.365942, 41.591442 ], [ -74.353523, 41.59173 ], [ -74.350397, 41.598615 ], [ -74.340869, 41.594389 ], [ -74.332033, 41.596739 ], [ -74.32995, 41.60137 ], [ -74.320161, 41.603006 ], [ -74.312046, 41.61127 ], [ -74.306029, 41.609037 ], [ -74.304347, 41.615704 ], [ -74.295744, 41.619655 ], [ -74.292303, 41.618295 ], [ -74.264093, 41.632738 ], [ -74.250186, 41.629324 ], [ -74.251601, 41.605374 ], [ -74.187505, 41.590793 ], [ -74.185361, 41.594128 ], [ -74.126393, 41.582544 ], [ -74.134511, 41.615695 ], [ -74.098653, 41.607259 ], [ -74.089896, 41.598602 ], [ -74.068083, 41.606001 ], [ -74.053804, 41.586065 ], [ -74.053685, 41.58061 ], [ -73.953307, 41.589977 ], [ -73.95938, 41.57156 ], [ -73.98593, 41.545621 ], [ -73.996536, 41.522649 ], [ -73.997921, 41.50346 ], [ -73.994784, 41.498293 ], [ -74.000115, 41.458281 ], [ -73.967513, 41.418912 ], [ -73.961775, 41.402822 ], [ -73.947355, 41.395254 ], [ -73.956801, 41.372205 ], [ -73.961257, 41.348539 ], [ -73.981384, 41.324693 ], [ -74.234288, 41.143008 ], [ -74.346416, 41.192734 ], [ -74.457862, 41.248427 ], [ -74.696398, 41.357339 ], [ -74.689756, 41.361559 ], [ -74.691115, 41.367343 ], [ -74.708459, 41.378902 ], [ -74.71598, 41.392584 ], [ -74.730385, 41.39566 ], [ -74.738554, 41.401191 ], [ -74.741569, 41.409925 ], [ -74.73552, 41.427466 ], [ -74.740933, 41.431161 ], [ -74.75469, 41.424973 ], [ -74.756421, 41.428009 ], [ -74.751868, 41.432477 ], [ -74.756107, 41.433947 ], [ -74.762623, 41.445528 ], [ -74.75984, 41.46079 ], [ -74.750412, 41.46433 ], [ -74.760911, 41.49067 ], [ -74.752399, 41.493743 ] ] ] } },
{ "type": "Feature", "properties": { "fips": "36093", "county": "Schenectady", "state": "NY" }, "geometry": { "type": "Polygon", "coordinates": [ [ [ -73.809603, 42.775016 ], [ -74.180274, 42.729979 ], [ -74.184235, 42.7125 ], [ -74.202713, 42.710826 ], [ -74.239846, 42.718924 ], [ -74.241014, 42.716857 ], [ -74.272295, 42.71427 ], [ -74.270768, 42.719542 ], [ -74.27784, 42.719472 ], [ -74.306665, 42.750074 ], [ -74.289834, 42.756345 ], [ -74.263504, 42.755613 ], [ -74.252815, 42.76349 ], [ -74.254585, 42.775274 ], [ -74.24794, 42.786352 ], [ -74.254442, 42.795297 ], [ -74.261902, 42.795451 ], [ -74.264759, 42.798948 ], [ -74.255323, 42.806064 ], [ -74.256829, 42.812214 ], [ -74.083883, 42.897354 ], [ -74.09298, 42.955868 ], [ -74.055458, 42.953276 ], [ -74.006531, 42.934073 ], [ -73.976842, 42.915899 ], [ -73.964788, 42.90206 ], [ -73.955458, 42.897306 ], [ -73.918456, 42.910364 ], [ -73.904386, 42.911163 ], [ -73.895938, 42.851076 ], [ -73.881769, 42.850876 ], [ -73.875864, 42.834274 ], [ -73.858468, 42.819977 ], [ -73.841569, 42.797875 ], [ -73.829064, 42.790177 ], [ -73.827667, 42.783776 ], [ -73.822166, 42.780278 ], [ -73.809369, 42.778869 ], [ -73.809603, 42.775016 ] ] ] } },
{ "type": "Feature", "properties": { "fips": "36005", "county": "Bronx", "state": "NY" }, "geometry": { "type": "Polygon", "coordinates": [ [ [ -73.933652, 40.882463 ], [ -73.917905, 40.917577 ], [ -73.85931, 40.900479 ], [ -73.854342, 40.908974 ], [ -73.851123, 40.910009 ], [ -73.853528, 40.907465 ], [ -73.841386, 40.904174 ], [ -73.838407, 40.894061 ], [ -73.74806, 40.871721 ], [ -73.757801, 40.845679 ], [ -73.780193, 40.8264 ], [ -73.778958, 40.811713 ], [ -73.787918, 40.800362 ], [ -73.817418, 40.80579 ], [ -73.853072, 40.800113 ], [ -73.862965, 40.79767 ], [ -73.871631, 40.786798 ], [ -73.878307, 40.785357 ], [ -73.912456, 40.796096 ], [ -73.92725, 40.802558 ], [ -73.932346, 40.808586 ], [ -73.933006, 40.835679 ], [ -73.907, 40.873455 ], [ -73.909505, 40.878878 ], [ -73.9152, 40.875581 ], [ -73.933652, 40.882463 ] ] ] } },
{ "type": "Feature", "properties": { "fips": "34001", "county": "Atlantic", "state": "NJ" }, "geometry": { "type": "Polygon", "coordinates": [ [ [ -74.852614, 39.412313 ], [ -74.855978, 39.424238 ], [ -74.985271, 39.514967 ], [ -74.736216, 39.729775 ], [ -74.676141, 39.691617 ], [ -74.667851, 39.683606 ], [ -74.657847, 39.661332 ], [ -74.659371, 39.631578 ], [ -74.654585, 39.63008 ], [ -74.654801, 39.626846 ], [ -74.648891, 39.628993 ], [ -74.647881, 39.625007 ], [ -74.640488, 39.625654 ], [ -74.639484, 39.622427 ], [ -74.634152, 39.628073 ], [ -74.628775, 39.620093 ], [ -74.621028, 39.626691 ], [ -74.588485, 39.611663 ], [ -74.585795, 39.605541 ], [ -74.576655, 39.598596 ], [ -74.553902, 39.598406 ], [ -74.548652, 39.58979 ], [ -74.541981, 39.585816 ], [ -74.539701, 39.574988 ], [ -74.525622, 39.569355 ], [ -74.514793, 39.574002 ], [ -74.511706, 39.569543 ], [ -74.504495, 39.5692 ], [ -74.495475, 39.562027 ], [ -74.493052, 39.555627 ], [ -74.482937, 39.558536 ], [ -74.474045, 39.55122 ], [ -74.462997, 39.556444 ], [ -74.45609, 39.547269 ], [ -74.452615, 39.556915 ], [ -74.446509, 39.559007 ], [ -74.443495, 39.555434 ], [ -74.445734, 39.546352 ], [ -74.4375, 39.541198 ], [ -74.433455, 39.544103 ], [ -74.43802, 39.553828 ], [ -74.433469, 39.555628 ], [ -74.426563, 39.553157 ], [ -74.417544, 39.557355 ], [ -74.416225, 39.549803 ], [ -74.409811, 39.547424 ], [ -74.402253, 39.538847 ], [ -74.380796, 39.498537 ], [ -74.354214, 39.505572 ], [ -74.326382, 39.506332 ], [ -74.312612, 39.500117 ], [ -74.296461, 39.475292 ], [ -74.232062, 39.475198 ], [ -74.249585, 39.4526 ], [ -74.265918, 39.422415 ], [ -74.287271, 39.398252 ], [ -74.325415, 39.362339 ], [ -74.350047, 39.345768 ], [ -74.354659, 39.335407 ], [ -74.368754, 39.320681 ], [ -74.392196, 39.312286 ], [ -74.430601, 39.308356 ], [ -74.457714, 39.302411 ], [ -74.46493, 39.29823 ], [ -74.539083, 39.298226 ], [ -74.545968, 39.302233 ], [ -74.565392, 39.298593 ], [ -74.588204, 39.310097 ], [ -74.621465, 39.292421 ], [ -74.641135, 39.295912 ], [ -74.654238, 39.288627 ], [ -74.658975, 39.290414 ], [ -74.658899, 39.297303 ], [ -74.668342, 39.297735 ], [ -74.673362, 39.2892 ], [ -74.676697, 39.297365 ], [ -74.680942, 39.293836 ], [ -74.699051, 39.289238 ], [ -74.703063, 39.294805 ], [ -74.707715, 39.290842 ], [ -74.710635, 39.295331 ], [ -74.716694, 39.292083 ], [ -74.719595, 39.298644 ], [ -74.727138, 39.296091 ], [ -74.737197, 39.298409 ], [ -74.746838, 39.294727 ], [ -74.75259, 39.295152 ], [ -74.754841, 39.299276 ], [ -74.763926, 39.296412 ], [ -74.772846, 39.301056 ], [ -74.7789, 39.298972 ], [ -74.77781, 39.303738 ], [ -74.784168, 39.3073 ], [ -74.790571, 39.307444 ], [ -74.792966, 39.304885 ], [ -74.80024, 39.308535 ], [ -74.807448, 39.304688 ], [ -74.820181, 39.307094 ], [ -74.825191, 39.305346 ], [ -74.837332, 39.31483 ], [ -74.860234, 39.319147 ], [ -74.864178, 39.328417 ], [ -74.859846, 39.361854 ], [ -74.851968, 39.376587 ], [ -74.858212, 39.395514 ], [ -74.852614, 39.412313 ] ] ] } },
{ "type": "Feature", "properties": { "fips": "34021", "county": "Mercer", "state": "NJ" }, "geometry": { "type": "Polygon", "coordinates": [ [ [ -74.842308, 40.250508 ], [ -74.868208, 40.295206 ], [ -74.880609, 40.305607 ], [ -74.896409, 40.315107 ], [ -74.90831, 40.316907 ], [ -74.942909, 40.341683 ], [ -74.932277, 40.339427 ], [ -74.856262, 40.346696 ], [ -74.869678, 40.377774 ], [ -74.802016, 40.384972 ], [ -74.80847, 40.416664 ], [ -74.748147, 40.424156 ], [ -74.722061, 40.375205 ], [ -74.674243, 40.384341 ], [ -74.653928, 40.391048 ], [ -74.621462, 40.383684 ], [ -74.617505, 40.377462 ], [ -74.625, 40.363756 ], [ -74.631036, 40.340277 ], [ -74.623179, 40.334302 ], [ -74.622349, 40.324639 ], [ -74.603417, 40.321438 ], [ -74.600222, 40.315444 ], [ -74.585587, 40.313242 ], [ -74.580284, 40.304137 ], [ -74.558968, 40.295866 ], [ -74.556698, 40.291656 ], [ -74.544592, 40.292414 ], [ -74.539918, 40.28833 ], [ -74.528142, 40.2943 ], [ -74.521575, 40.290034 ], [ -74.522873, 40.285608 ], [ -74.514904, 40.287157 ], [ -74.506721, 40.28036 ], [ -74.497825, 40.280677 ], [ -74.481991, 40.273914 ], [ -74.487407, 40.253129 ], [ -74.481095, 40.243832 ], [ -74.543302, 40.21667 ], [ -74.562245, 40.190293 ], [ -74.571241, 40.185293 ], [ -74.576252, 40.186754 ], [ -74.593675, 40.179421 ], [ -74.599635, 40.186791 ], [ -74.614576, 40.182383 ], [ -74.587835, 40.138254 ], [ -74.602112, 40.13678 ], [ -74.606957, 40.140695 ], [ -74.621795, 40.141123 ], [ -74.623517, 40.149101 ], [ -74.633667, 40.148976 ], [ -74.638484, 40.15434 ], [ -74.648691, 40.155649 ], [ -74.661395, 40.162114 ], [ -74.66233, 40.165212 ], [ -74.677425, 40.166069 ], [ -74.674436, 40.173598 ], [ -74.679112, 40.173501 ], [ -74.684724, 40.178046 ], [ -74.685536, 40.175283 ], [ -74.696169, 40.178929 ], [ -74.69468, 40.182199 ], [ -74.700421, 40.183651 ], [ -74.711072, 40.180709 ], [ -74.712835, 40.174736 ], [ -74.708394, 40.17149 ], [ -74.71063, 40.167383 ], [ -74.704213, 40.168731 ], [ -74.706269, 40.161793 ], [ -74.713873, 40.152653 ], [ -74.722048, 40.150311 ], [ -74.722325, 40.160727 ], [ -74.737205, 40.177609 ], [ -74.754305, 40.185209 ], [ -74.771437, 40.215176 ], [ -74.795306, 40.229408 ], [ -74.842308, 40.250508 ] ] ] } }
]
}
